9787544253994,201105,百年孤独,39.5,加西亚·马尔克斯,小说,南海出版公司,157487,1391148,29.60,29.60,29.60,26.10,None,None,28.80,29.60,31.60,
9787535427304,200404,狼图腾,32,姜戎,小说,长江文艺出版社有限公司,71197,1267886,24.19,24.00,None,None,None,None,None,20.80,23.36,
9787540458027,201310,从你的全世界路过:让所有人心动的故事,36,张嘉佳,小说,湖南文艺出版社,294270,1021635,20.00,24.80,23.90,23.00,None,None,23.90,17.60,None,
9787501163724,200311,细节决定成败,24.8,汪中求,企业管理,新华出版社,5925,947932,14.60,14.60,14.60,None,None,None,16.10,7.90,None,
9787108032911,200909,目送,39,龙应台,散杂文,生活.读书.新知三联书店,50468,745373,28.00,30.00,30.00,None,None,None,None,None,33.54,
9787806276983,200104,文化苦旅,22,余秋雨,散杂文,东方出版中心,5053,731503,None,16.50,None,None,None,None,None,9.00,14.96,
9787208061644,200604,追风筝的人,29,卡勒德·胡赛尼,小说,上海人民出版社,252667,716555,20.30,20.30,20.30,20.30,None,None,21.80,13.90,20.50,
9787208061644,200604,追风筝的人,29,卡勒德·胡赛尼,小说,上海人民出版社,252667,716555,20.30,20.30,20.30,20.30,None,None,21.80,13.90,20.50,
9787508608686,200705,货币战争,38,宋鸿兵,金融,中信出版股份有限公司,1490,666825,None,27.50,None,None,None,None,None,24.70,34.20,
9787508608686,200705,货币战争,38,宋鸿兵,金融,中信出版股份有限公司,1490,666825,None,27.50,None,None,None,None,None,24.70,34.20,
9787208050037,200402,达·芬奇密码,28,丹·布朗,小说,上海人民出版社,27,630278,None,22.40,None,None,None,None,None,None,None,
9787208050037,200402,达·芬奇密码,28,丹·布朗,小说,上海人民出版社,27,630278,None,22.40,None,None,None,None,None,None,None,
9787530212004,201202,平凡的世界(共三部),79.8,路遥,小说,北京十月文艺出版社,242000,608228,55.10,55.10,55.10,52.70,None,57.46,55.10,None,63.84,
9787535441041,200912,小时代2.0:虚铜时代,26.8,郭敬明,小说,长江文艺出版社有限公司,5025,600684,18.40,18.40,18.40,16.30,None,None,None,8.60,20.90,
9787508645056,201405,"谁的青春不迷茫系列-你的孤独,虽败犹荣",39.8,刘同,散杂文,中信出版股份有限公司,186626,582243,23.10,23.90,23.10,26.30,None,None,23.10,23.90,None,
9787506365437,201006,活着,20,余华,小说,作家出版社,159273,578945,11.00,11.00,11.00,None,12.20,None,11.00,11.00,None,
9787508636207,201212,谁的青春不迷茫,35,刘同,散杂文,中信出版股份有限公司,66374,557022,22.10,22.10,20.30,23.80,None,23.10,20.30,17.20,None,
9787543636453,200604,妊娠分娩育儿,35,"纪向虹,戚红",孕产育儿,青岛出版社,13601,531814,22.10,21.90,22.10,None,None,None,21.40,11.20,35.00,
9787020024759,199807,围城,19,钱钟书,小说,人民文学出版社,6085,530894,None,16.20,None,None,None,None,None,10.40,15.96,
9787802089723,200911,把吃出来的病吃回去(含DVD),35,张悟本,食疗,人民日报出版社,222,510585,None,None,24.20,None,None,None,None,None,None,
9787535451552,201109,小时代3.0:刺金时代,32.8,郭敬明,小说,长江文艺出版社有限公司,4814,503305,23.60,24.10,28.60,20.70,None,None,23.30,10.50,24.60,
9787540455958,201206,偷影子的人,29.8,马克·李维,小说,湖南文艺出版社,139997,496129,17.90,20.50,17.90,19.10,None,None,17.90,17.90,None,
9787535438171,200809,小时代1.0折纸时代,29.8,郭敬明,小说,长江文艺出版社有限公司,1898,493380,None,25.30,25.30,None,None,None,None,13.10,23.24,
9787508044019,200712,遇见未知的自己:都市身心灵修行课,29,张德芬,小说,华夏出版社,8227,485793,None,None,20.00,None,None,None,None,11.90,None,
9787535436900,200804,幻城,23,郭敬明,小说,长江文艺出版社有限公司,33996,479450,13.30,13.30,13.30,14.00,None,None,13.30,7.40,17.94,
9787535446329,201009,幸福了吗(附白岩松耶鲁大学演讲完整版光盘1张),29,白岩松,散杂文,长江文艺出版社有限公司,10501,474050,16.70,16.80,16.70,17.70,None,None,18.80,18.90,22.62,
9787508056999,201006,育儿百科,49,松田道雄,孕产育儿,华夏出版社,54405,471293,29.00,29.00,29.00,33.80,None,None,29.00,24.50,39.20,
9787540460594,201303,谢谢你离开我,30,张小娴,散杂文,湖南文艺出版社,25485,461000,19.40,19.40,19.40,19.20,None,19.50,19.40,19.50,None,
9787213052545,201212,大数据时代:生活、工作与思维的大变革,49.9,"维克托·迈尔-舍恩伯格,肯尼思·库克耶",经济理论,浙江人民出版社有限公司,73369,460963,30.00,30.00,30.00,33.40,None,None,30.00,27.40,37.42,
9787544711296,201006,麦田里的守望者,18,J.D.塞林格,小说,江苏译林出版社,75835,445551,14.00,14.40,14.40,326.40,None,None,360.00,350.40,14.76,
9787544143615,201101,何以笙箫默(精装珍藏版),25,顾漫,小说,沈阳出版社,288181,444418,12.00,12.10,25.00,15.30,None,None,14.80,12.30,17.75,
9787561339121,200709,杜拉拉升职记,26,李可,小说,陕西师范大学出版社,514,432208,None,15.60,18.60,None,None,None,None,None,None,
9787805508405,201007,独唱团(第1辑),16,韩寒,文学其他,书海出版社,1365,422725,12.00,12.80,12.00,None,None,None,None,None,12.48,
9787512500983,201009,1988:我想和这个世界谈谈,25,韩寒,小说,国际文化出版公司,2653,414869,18.00,16.30,16.30,None,None,None,None,16.30,17.75,
9787535441768,201008,临界.爵迹(I),19.8,郭敬明,小说,长江文艺出版社有限公司,22085,410425,10.90,13.10,10.90,13.10,None,None,12.90,6.30,15.84,
9787530211113,201107,撒哈拉的故事,24,三毛,散杂文,北京十月文艺出版社,63790,403113,16.60,16.60,16.60,15.80,None,None,16.40,13.20,19.20,
9787530444122,200912,跟着君之学烘焙:一本教你轻松做西点的魔法书,29.8,君之,西餐,北京科学技术出版社,66796,397170,16.40,16.40,16.40,20.00,None,None,16.40,14.60,24.44,
9787540457570,201209,遇见未知的自己,29,张德芬,小说,湖南文艺出版社,73026,392522,18.80,20.00,18.80,None,None,None,18.80,18.90,26.10,
9787532742929,200707,挪威的森林,23,村上春树,小说,上海译文出版社,14321,377448,16.60,18.60,18.60,19.60,None,None,18.60,18.20,18.86,
9787530945728,200608,漫漫古典情系列-人生若只如初见:古典诗词的美丽与哀愁,23.8,安意如,散杂文,天津教育出版社,2402,373838,None,16.40,16.40,None,None,None,None,None,46.80,
9787543877450,201111,青春,29,韩寒,散杂文,湖南人民出版社,4925,363264,20.10,23.20,23.20,None,None,None,18.80,9.30,23.20,
9787535443144,201004,夏至未至(2010修订版),26.8,郭敬明,小说,长江文艺出版社有限公司,24525,351558,16.40,18.20,18.20,16.30,None,None,18.80,8.60,20.90,
9787544244077,200904,岛,28,维多利亚·希斯洛普,小说,南海出版公司,75928,350331,19.30,19.30,19.30,18.50,None,None,19.10,19.90,22.40,
9787535436139,200801,悲伤逆流成河(百万黄金纪念版),25,郭敬明,小说,长江文艺出版社有限公司,19408,350071,17.10,17.10,17.10,15.30,None,None,16.20,8.00,19.50,
9787535445568,201012,临界.爵迹(Ⅱ),22.8,郭敬明,小说,长江文艺出版社有限公司,21237,348471,12.60,13.20,None,15.00,None,17.10,14.80,10.30,18.24,
9787506341271,200710,苏菲的世界,26,乔斯坦·贾德,小说,作家出版社,47554,346296,15.60,17.40,15.60,17.90,None,None,15.60,None,21.84,
9787508626482,201103,海底捞你学不会,39,黄铁鹰,企业管理,中信出版股份有限公司,14787,336086,23.80,23.80,23.40,26.50,None,None,28.10,16.00,28.08,
9787539961835,201304,不畏将来不念过去,32,十二,散杂文,江苏凤凰文艺出版社,81113,331559,18.80,18.80,18.80,18.90,None,None,18.80,19.20,None,
9787506310710,199807,苏菲的世界,26.8,乔斯坦·贾德,小说,作家出版社,18604,325956,15.80,18.90,18.90,18.50,None,None,17.40,17.40,21.44,
9787200046564,200208,登上健康快车-讲课经典·健康行动,12,洪昭光,健康养生,北京出版社,5,319843,None,None,None,None,None,None,None,4.20,None,
9787111280712,200909,德鲁克管理经典-卓有成效的管理者(珍藏版),30,彼得·德鲁克,管理学与实务综合,机械工业出版社,34577,317915,18.00,19.30,18.00,20.40,None,None,18.00,21.90,12.00,
9787532731077,200307,米兰·昆德拉作品系列-不能承受的生命之轻,23,米兰·昆德拉,小说,上海译文出版社,175,317881,None,18.40,None,None,None,None,None,None,20.70,
9787501970070,200907,健康家常菜系列-新编聪明宝宝营养餐1288例(最新超值版),29.9,健康家常菜编委会,孕产育儿,中国轻工业出版社,58043,311796,16.40,16.40,16.40,19.70,None,None,17.60,9.60,23.92,
9787508628332,201110,别相信任何人,29,S.J.沃森,小说,中信出版股份有限公司,44532,309909,16.90,18.30,16.90,19.10,None,None,16.90,18.90,None,
9787544246279,201004,老舍集-骆驼祥子,25,老舍,小说,南海出版公司,42167,308904,16.20,16.20,16.20,16.50,None,None,16.20,16.30,20.00,
9787544258975,201208,霍乱时期的爱情,39.5,加西亚·马尔克斯,小说,南海出版公司,42346,302174,28.50,31.60,28.50,26.10,None,None,29.60,29.60,None,
9787544270878,201404,东野圭吾作品-解忧杂货店,39.5,东野圭吾,小说,南海出版公司,188905,298427,25.24,27.10,27.10,26.10,None,28.44,27.10,25.70,None,
9787532751655,201008,不能承受的生命之轻(百万纪念版),29,米兰·昆德拉,小说,上海译文出版社,5815,297196,20.70,23.20,22.10,24.50,None,None,22.10,26.30,26.10,
9787807408031,201112,盗墓笔记(8)(下),32.8,南派三叔,小说,上海文化出版社,55141,295152,19.40,21.90,21.80,18.00,None,None,21.80,20.00,23.29,
9787500601593,200508,红岩,26,"罗广斌,杨益言",小说,中国青年出版社,78170,294275,19.50,19.50,19.50,17.20,None,None,18.20,7.00,20.80,
9787530212233,201206,穆斯林的葬礼(精),39.8,霍达,小说,北京十月文艺出版社,73083,293467,25.43,27.50,27.50,26.30,23.90,None,27.50,28.30,None,
9787807089353,201004,龙族Ⅰ:火之晨曦,24.8,江南,小说,长江出版社,34154,290280,15.10,16.80,None,15.10,None,None,16.10,16.10,19.34,
9787550213524,201308,一个人的朝圣,32.8,蕾秋·乔伊斯,小说,北京联合出版有限责任公司,70774,290217,18.70,18.70,18.70,18.00,None,None,18.70,20.00,None,
9787531325093,200311,梦里花落知多少,20,郭敬明,小说,春风文艺出版社,2388,282868,None,15.00,None,None,None,None,None,None,None,
9787807408017,201112,盗墓笔记(8)(上),32.8,南派三叔,小说,上海文化出版社,54252,282656,19.40,22.50,21.90,18.00,None,None,21.90,16.10,25.58,
9787550205321,201205,于丹:重温最美古诗词,38,于丹,文学理论及研究,北京联合出版有限责任公司,21711,281391,23.10,25.20,25.20,27.40,None,None,25.20,24.70,32.68,
9787540468798,201409,"乖,摸摸头",36,大冰,散杂文,湖南文艺出版社,150890,280476,23.40,22.00,23.40,23.00,None,None,23.40,21.60,None,
9787802491823,200907,货币战争(2)-金权天下,39,宋鸿兵,金融,中华工商联合出版社有限责任公司,7622,280453,None,23.00,None,None,None,None,None,None,None,
9787807407270,201110,盗墓笔记(1)(再版),32.8,南派三叔,小说,上海文化出版社,65563,279702,19.70,19.70,19.70,18.00,None,None,21.30,20.00,23.29,
9787543641891,200705,新编家常菜谱,19.9,爱心家肴美食文化工作室,中餐,青岛出版社,982,275163,12.70,14.60,15.20,None,None,None,12.90,None,None,
9787020065639,200805,丑陋的中国人,28,柏杨,散杂文,人民文学出版社,8701,273078,None,22.10,22.10,None,None,None,None,18.20,25.20,
9787020098095,201306,围城,28,钱钟书,小说,人民文学出版社,74322,269932,18.90,18.90,18.90,19.30,None,None,18.90,18.20,None,
9787020002207,199807,中国古典文学读本丛书-红楼梦(上下),59.7,曹雪芹,中国古典文学,人民文学出版社,29065,267263,37.80,39.50,39.50,41.20,None,None,39.50,38.80,59.70,
9787108033635,200912,孩子你慢慢来,28,龙应台,散杂文,生活.读书.新知三联书店,28629,267233,28.00,24.20,None,None,None,None,None,18.20,24.08,
9787532725694,200103,挪威的森林,18.8,村上春树,小说,上海译文出版社,74,264723, 16.60
,None,None,None,None,None,None,None,None,
9787020078127,200912,失落的秘符,38,丹·布朗,小说,人民文学出版社,361,264084,None,None,None,None,None,None,None,18.60,29.64,
9787540450274,201107,春宴,39,安妮宝贝,小说,湖南文艺出版社,3736,263689,24.20,27.00,27.00,None,None,None,24.10,25.40,31.20,
9787542612892,199911,中国股市操作强化训练第一书-股市操练大全(第1册),29.8,黎航,个人理财,上海三联书店,14466,263681,21.50,25.80,25.80,None,None,None,20.90,19.40,None,
9787513312103,201306,第七天(精),29.5,余华,小说,新星出版社有限责任公司,19214,262170,18.30,22.10,20.40,19.50,None,None,20.40,16.20,None,
9787501763993,200405,炒股就这几招(绝招篇)(附光盘),25,李幛喆,个人理财,中国经济出版社,63,262064,20.00,21.00,23.50,None,14.20,None,None,16.30,None,
9787535457844,201204,虚实之间,32,芮成钢,散杂文,长江文艺出版社有限公司,3639,261872,19.90,21.20,21.20,19.50,None,None,20.80,15.70,24.96,
9787020008728,199807,中国古典文学读本丛书-三国演义(全二册),39.5,罗贯中,中国古典文学,人民文学出版社,30355,261576,24.20,27.10,27.10,27.30,None,None,27.10,29.20,33.18,
9787549204304,201105,龙族Ⅱ:悼亡者之瞳,29.8,江南,小说,长江出版社,31457,261439,19.40,23.50,22.40,19.10,None,None,19.40,19.40,23.24,
9787506344791,200812,俗世奇人(修订版),18,冯骥才,小说,作家出版社,61610,260960,10.30,10.80,10.30,12.40,None,None,10.30,8.80,15.12,
9787532146352,201210,蛙,35,莫言,小说,上海文艺出版社,8190,260292,24.00,25.40,25.40,24.20,None,None,22.80,22.80,None,
9787530211267,201109,平凡的世界(普及本),28,路遥,小说,北京十月文艺出版社,79744,259919,19.30,20.30,20.30,18.50,None,None,19.60,None,22.40,
9787561345429,200812,杜拉拉升职记2-华年似水,28,李可,小说,陕西师范大学出版社,333,257801,None,36.00,19.30,None,None,None,19.30,7.00,61.17,
9787544803335,200807,暮光之城-暮色,29.8,斯蒂芬妮·梅尔,小说,接力出版社,2932,256350,22.35,22.40,22.40,19.70,None,None,20.90,14.60,23.24,
9787510103094,201002,怀孕40周完美方案(升级畅销版),26.8,王艳琴,孕产育儿,中国人口出版社,28567,254817,14.40,14.40,14.40,None,None,None,None,8.60,None,
9787533935498,201301,我所理解的生活(平),29,韩寒,散杂文,浙江文艺出版社有限公司,16160,251280,17.40,20.70,20.70,14.50,None,19.10,18.80,16.00,None,
9787801423849,200111,行者无疆,22,余秋雨,散杂文,华艺出版社,3822,249906,None,None,None,None,None,None,None,10.80,17.60,
9787806761120,200112,山居笔记(新版),28,余秋雨,散杂文,文汇出版社,6001,249779,None,20.20,None,None,None,None,None,None,21.84,
9787535439802,200903,西决,22.8,笛安,小说,长江文艺出版社有限公司,6783,246313,13.50,16.70,15.70,13.90,None,None,14.80,None,17.78,
9787229038847,201105,二号首长:当官是一门技术活,38,黄晓阳,小说,重庆出版社,4089,246138,None,None,None,None,None,None,None,None,None,
9787544245562,200912,西尔斯亲密育儿百科,49.8,西尔斯,孕产育儿,南海出版公司,42003,242866,34.40,34.40,34.40,32.90,None,None,34.40,35.40,39.84,
9787544703987,201004,麦田里的守望者(纪念版)(精),25,杰罗姆·大卫·塞林格,小说,江苏译林出版社,30124,238553,None,20.00,23.10,None,None,None,None,16.30,20.00,
9787532734160,200304,左手倒影 右手年华,16,郭敬明,小说,上海译文出版社,309,227542,None,None,None,None,None,None,None,6.40,13.60,
9787550209459,201208,藏海花,32.8,南派三叔,小说,北京联合出版有限责任公司,26192,227119,19.40,21.60,21.60,18.00,None,None,21.60,20.00,None,
9787530457559,201205,跟着君之学烘焙(II),39.8,君之,西餐,北京科学技术出版社,37250,227087,21.90,23.00,21.90,26.30,None,None,27.50,25.90,32.64,
9787506316507,199903,霜冷长河,22,余秋雨,散杂文,作家出版社,7420,226141,13.00,16.50,16.50,15.20,None,None,15.40,7.50,18.48,
9787544258609,201301,东野圭吾作品-白夜行,39.5,东野圭吾,小说,南海出版公司,83864,226005,25.24,27.30,27.30,26.10,23.70,None,27.00,25.70,None,
9787530211168,201206,张爱玲全集01-倾城之恋(2012年修订版),29.8,张爱玲,小说,北京十月文艺出版社,34903,225514,19.04,20.60,20.60,19.70,None,None,20.00,21.20,None,
9787508630311,201109,货币战争(升级版),39,宋鸿兵,金融,中信出版股份有限公司,32326,225479,24.92,26.80,26.80,26.50,None,None,26.80,25.40,28.08,
9787535442215,201003,这些都是你给我的爱,24.8,安东尼,成人绘本漫画,长江文艺出版社有限公司,8145,224518,15.20,15.20,15.20,15.10,None,None,16.10,7.90,19.34,
9787549216468,201301,龙族III:黑月之潮(上),29.8,江南,小说,长江出版社,31724,223032,19.70,22.00,22.40,18.20,None,None,19.40,19.40,None,
9787802497634,201101,货币战争(3)-金融高边疆,39.9,宋鸿兵,金融,中华工商联合出版社有限责任公司,10167,222999,29.90,None,25.90,None,None,None,None,None,29.93,
9787532142750,201207,丰乳肥臀,48,莫言,小说,上海文艺出版社,10117,222871,28.30,35.10,36.00,33.10,None,None,33.60,31.20,None,
9787547012123,201009,影响力,45,罗伯特·西奥迪尼,销售/营销,万卷出版有限责任公司,25351,222660,27.90,27.90,None,None,25.20,None,None,29.30,None,
9787540462000,201305,"你要去相信,没有到不了的明天",32.8,卢思浩,散杂文,湖南文艺出版社,54741,222184,21.80,22.60,21.80,21.00,None,22.63,21.80,21.30,None,
9787535434432,200704,悲伤逆流成河,24,郭敬明,小说,长江文艺出版社有限公司,1190,220235,None,32.30,None,None,None,None,None,15.60,None,
9787807407294,201110,盗墓笔记(3)(再版),32.8,南派三叔,小说,上海文化出版社,56463,219879,19.40,20.80,20.80,18.00,None,None,21.30,13.40,23.29,
9787549223220,201311,龙族III:黑月之潮(下),36.8,江南,小说,长江出版社,38730,215142,25.00,27.60,27.60,22.40,None,102.68,23.90,23.90,None,
9787550008496,201402,纸牌屋,39.8,迈克尔·道布斯,小说,百花洲文艺出版社,46504,214973,22.90,17.30,17.30,21.90,None,None,23.90,24.30,None,
9787535448798,201012,痛并快乐着(附赠白岩松采访季羡林启功绝版实录),29,白岩松,散杂文,长江文艺出版社有限公司,10163,213252,17.40,19.40,None,17.70,None,None,19.30,18.90,22.62,
9787544807395,200905,暮光之城-破晓,39.8,斯蒂芬妮·梅尔,小说,接力出版社,2515,213198,25.43,31.80,28.70,26.30,None,None,27.90,17.90,31.04,
9787544247269,201005,1Q84 BOOK(1)(4月-6月)(精),36,村上春树,小说,南海出版公司,6641,211780,25.90,26.00,25.90,23.80,None,None,25.20,17.60,28.08,
9787807407300,201110,盗墓笔记(4)(再版),32.8,南派三叔,小说,上海文化出版社,55393,211158,19.40,20.80,20.80,18.00,None,None,21.30,16.10,23.29,
9787544804196,200809,暮光之城-新月,32,斯蒂芬妮·梅尔,小说,接力出版社,2278,210547,20.45,25.60,25.60,21.10,None,None,22.40,13.10,24.96,
9787506060363,201304,崔玉涛图解家庭育儿(5),32,崔玉涛,孕产育儿,人民东方出版传媒有限公司,60745,210414,17.60,20.20,17.60,22.10,None,None,20.80,None,None,
9787807407317,201110,盗墓笔记(5)(再版),32.8,南派三叔,小说,上海文化出版社,54803,208457,19.40,22.50,21.50,18.00,None,None,21.30,20.00,23.29,
9787549530649,201303,亲爱的安德烈:两代共读的36封家书(新版),29.8,龙应台,散杂文,广西师范大学出版社,56102,205722,22.35,23.80,25.60,19.70,None,None,99.80,19.40,None,
9787530209837,200908,逃离,28,艾丽丝·门罗,小说,北京十月文艺出版社,17820,205379,19.20,21.00,19.20,18.50,None,None,19.60,18.20,22.40,
9787807407331,201110,盗墓笔记(7),32.8,南派三叔,小说,上海文化出版社,53656,205243,19.40,21.90,21.70,18.00,None,None,21.30,13.40,23.29,
9787807407324,201110,盗墓笔记(6)(再版),32.8,南派三叔,小说,上海文化出版社,53749,204254,19.50,22.50,19.50,18.00,None,None,22.60,16.10,23.94,
9787806654019,200407,古典名著普及文库-三国演义(精),18,罗贯中,中国古典文学,岳麓书社,298,202808,None,None,None,None,None,None,12.80,None,16.20,
9787535447340,201402,文化苦旅(新版),38,余秋雨,散杂文,长江文艺出版社有限公司,52455,202688,23.00,23.00,21.90,23.20,None,25.08,23.00,24.70,None,
9787549550173,201401,目送(插图新版),43,龙应台,散杂文,广西师范大学出版社,92964,202333,25.80,25.80,25.80,28.40,None,None,25.80,28.00,None,
9787536692930,200801,中国科幻基石丛书-三体,23,刘慈欣,小说,重庆出版社,73043,201539,15.50,16.80,16.80,None,12.00,None,None,None,17.94,
9787020083442,201101,我与地坛,23,史铁生,散杂文,人民文学出版社,20328,200793,14.00,15.80,15.80,15.90,None,None,15.80,15.00,19.32,
9787535454232,201112,货币战争(4)-战国时代,39.9,宋鸿兵,金融,长江文艺出版社有限公司,20542,199600,27.90,30.60,None,24.30,None,None,None,29.90,29.93,
9787549220632,201308,龙族III:黑月之潮(中),29.8,江南,小说,长江出版社,31751,198738,19.70,23.50,22.40,18.20,None,None,19.40,19.40,None,
9787533935917,201307,“一个”书系-很高兴见到你,29,韩寒,文学其他,浙江文艺出版社有限公司,11720,198150,18.85,26.80,26.80,None,None,None,None,14.20,None,
9787508649719,201501,奇点系列-从0到1:开启商业与未来的秘密,45,"彼得·蒂尔,布莱克·马斯特斯",商务贸易,中信出版股份有限公司,198082,198082,29.20,29.20,29.20,30.60,None,None,29.20,27.00,32.40,
9787506318891,200006,千年一叹(新版),29,余秋雨,散杂文,作家出版社,3448,196948,None,21.80,None,None,None,None,None,16.30,23.20,
9787535445575,201101,临界.爵迹:燃魂书,18.8,郭敬明,小说,长江文艺出版社有限公司,17138,196077,11.10,12.50,12.50,11.50,None,None,12.20,6.00,13.72,
9787508622828,201010,背包十年:我的职业是旅行,25,小鹏,散杂文,中信出版股份有限公司,11330,194396,14.80,16.70,16.70,17.00,None,None,16.70,16.30,17.50,
9787540467883,201407,愿有人陪你颠沛流离,35.8,卢思浩,散杂文,湖南文艺出版社,93033,193491,22.70,24.70,23.30,22.90,None,None,23.30,17.50,None,
9787544805711,200812,暮光之城-月食,35,斯蒂芬妮·梅尔,小说,接力出版社,2213,193394,22.37,27.30,27.30,23.10,None,None,25.60,14.40,27.30,
9787542608314,199807,第五项修炼:学习型组织的艺术与实务,28,彼得·圣吉,管理学与实务综合,上海三联书店,66,193342,None,22.10,None,None,None,None,None,18.20,None,
9787544711098,201006,经典译林-老人与海,15,欧内斯特·海明威,小说,江苏译林出版社,31294,191446,11.30,11.30,11.30,10.20,None,None,9.80,11.00,12.30,
9787503311864,200001,亮剑(第3版),28,都梁,小说,解放军文艺出版社,2533,191381,23.20,23.50,23.50,18.50,None,None,None,19.90,22.40,
9787532743124,200706,挪威的森林(纪念版),30,村上春树,小说,上海译文出版社,1646,191167,None,28.50,28.80,None,None,None,None,19.50,24.60,
9787802444621,201201,"那些年,我们一起追的女孩",28,九把刀,小说,现代出版社,3601,191157,16.80,16.80,16.80,18.50,None,None,17.90,10.60,20.44,
9787539958934,201303,"给你一个团队,你能怎么管?",35,赵伟,管理学与实务综合,江苏凤凰文艺出版社,35087,191004,23.50,23.50,20.00,21.40,None,None,22.80,22.80,22.75,
9787540446765,201012,十宗罪:中国十大恐怖凶杀案,26,蜘蛛,小说,湖南文艺出版社,26346,190655,15.20,17.90,15.20,22.40,None,None,17.90,16.90,20.28,
9787506366847,201210,莫言文集-蛙,32,莫言,小说,作家出版社,12977,190024,19.80,24.00,22.10,22.10,18.60,None,20.80,15.70,None,
9787020069828,200904,达·芬奇密码,26,丹·布朗,小说,人民文学出版社,24,189369,None,20.50,None,None,None,None,None,14.20,22.10,
9787530209455,200808,沈从文集-边城,29.8,沈从文,小说,北京十月文艺出版社,18616,189249,17.60,22.40,19.90,19.70,None,None,20.90,19.40,23.84,
9787806651063,200110,古典名著普及文库-红楼梦,19.8,曹雪芹,中国古典文学,岳麓书社,5702,189058,14.10,15.80,15.80,None,None,14.05,14.80,12.90,None,
9787530211564,201203,人生,25,路遥,小说,北京十月文艺出版社,53917,189053,17.20,17.20,17.20,16.50,None,None,17.20,17.80,20.00,
9787542614568,200012,中国股市操作强化训练第一书-股市操练大全(第2册),32.8,"黎航,王真",个人理财,上海三联书店,10808,187629,21.90,24.70,24.70,22.00,None,None,23.00,21.30,27.55,
9787535476890,201411,狼图腾(修订版),39.8,姜戎,小说,长江文艺出版社有限公司,183506,186817,20.70,23.90,23.90,24.30,None,None,23.90,25.90,None,
9787543067424,201204,如丧:我们终于老得可以谈谈未来,32,高晓松,文学其他,武汉出版社,9919,185833,18.90,15.60,15.60,None,None,None,18.90,20.80,22.72,
9787506039819,201009,郎咸平说:我们的日子为什么这么难,32,郎咸平,经济理论,人民东方出版传媒有限公司,496,185543,26.60,25.60,24.00,None,None,None,None,10.20,None,
9787535445582,201006,东霓,26.8,笛安,小说,长江文艺出版社有限公司,6060,185539,15.80,17.80,17.80,16.30,None,None,17.40,17.40,22.78,
9787531325413,200301,幻城,18,郭敬明,小说,春风文艺出版社,22,185324,None,12.20,None,None,None,None,None,None,None,
9787020058594,200611,家,23,巴金,小说,人民文学出版社,405,183464,58.00,18.20,None,None,None,None,None,11.30,19.32,
9787229030933,201011,中国科幻基石丛书-三体Ⅲ:死神永生,38,刘慈欣,小说,重庆出版社,65932,183249,24.80,24.80,24.80,24.30,None,23.90,26.20,None,29.64,
9787506044653,201204,中国经济到了最危险的边缘,39,郎咸平,经济理论,人民东方出版传媒有限公司,2613,181570,23.00,31.20,31.20,26.90,None,None,25.40,25.40,28.47,
9787214090065,201212,只有医生知道,35,张羽,健康养生,江苏人民出版社,17517,181009,23.20,23.20,23.20,21.40,None,None,22.80,19.30,None,
9787535467089,201305,小时代1.0:折纸时代(修订本),32.8,郭敬明,小说,长江文艺出版社有限公司,8038,180963,19.40,24.60,24.60,20.00,None,None,21.30,10.50,None,
9787549208814,201205,哑舍(2),25,玄色,小说,长江出版社,29597,180501,14.80,18.40,18.40,15.30,None,None,16.20,16.50,None,
9787549204007,201105,哑舍(1),23.8,玄色,小说,长江出版社,28855,177447,13.90,16.70,16.70,14.50,None,None,15.50,15.70,None,
9787506355957,201011,活着,15,余华,小说,作家出版社,321,177134,None,10.30,None,None,None,None,None,None,12.00,
9787532129027,200507,余华作品-兄弟(上),16,余华,小说,上海文艺出版社,37,176916,None,None,None,None,None,None,None,7.80,None,
9787539925899,200706,国医健康绝学系列(三)-儿童经络使用手册,28,萧言生,孕产育儿,江苏凤凰文艺出版社,2138,176646,16.80,19.30,16.80,None,None,None,None,18.20,25.20,
9787111112013,200301,哈佛商业图书精选.华章畅销经典-执行:如何完成任务的学问,29.8,"拉里·博西迪,拉姆·查兰",管理学与实务综合,机械工业出版社,11,174956,None,24.60,None,None,None,None,None,14.60,10.43,
9787535753663,200808,世界是平的:21世纪简史(内容升级和扩充版)(全面升级3.0),58,托马斯·弗里德曼,经济理论,湖南科学技术出版社,8730,174427,35.50,39.70,39.70,39.40,None,None,40.60,42.30,43.50,
9787509522400,201006,新编会计从业资格考试指定教材-会计基础(财经版),18,会计从业资格考试辅导教材编写组,经济与管理考试,中国财政经济出版社,5924,173277,12.60,14.40,12.60,None,None,None,13.50,8.80,None,
9787806857496,200705,朱德庸作品-绝对小孩,28,朱德庸,成人绘本漫画,上海锦绣文章出版社,40,172684,28.00,21.00,None,None,None,None,None,18.20,None,
9787806654040,200407,古典名著普及文库-红楼梦,23,曹雪芹,中国古典文学,岳麓书社,175,172656,17.90,None,22.70,None,None,None,16.30,None,20.70,
9787509522417,201006,新编会计从业资格考试指定教材-财经法规与会计职业道德(财经版),18,会计从业资格考试辅导教材编写组,经济与管理考试,中国财政经济出版社,5942,172106,14.40,14.40,14.40,None,None,None,13.50,11.70,None,
9787561342411,200804,浮沉,32,崔曼莉,小说,陕西师范大学出版社,2259,171921,39.10,29.40,29.40,None,None,None,41.50,20.80,44.30,
9787544711203,201006,经典译林-简·爱,22,夏洛蒂·勃朗特,小说,江苏译林出版社,28711,171874,13.90,15.80,15.80,15.00,None,None,14.30,16.10,18.04,
9787513310369,201301,全世界人民都知道,29,李承鹏,散杂文,新星出版社有限责任公司,2756,171634,None,None,21.80,None,None,None,None,18.90,None,
9787508607719,200701,激荡三十年:中国企业1978-2008(上),35,吴晓波,经济理论,中信出版股份有限公司,5464,171402,27.00,26.30,26.30,23.80,None,None,None,14.40,29.75,
9787111326403,201101,特劳特经典丛书-定位,42,谢伟山,管理学与实务综合,机械工业出版社,32963,170747,25.20,27.00,25.20,28.60,None,None,25.20,17.20,29.40,
9787108034557,201006,野火集（二十年纪念版）,27,龙应台,散杂文,生活.读书.新知三联书店,13899,170192,18.90,21.80,24.00,None,None,None,None,None,23.22,
9787506047616,201208,崔玉涛图解家庭育儿(1),32,崔玉涛,孕产育儿,人民东方出版传媒有限公司,50013,169978,19.10,25.60,21.30,22.10,None,None,22.10,None,None,
9787543659704,201003,食物相克与相宜速查手册(第三版),18,王作生,食疗,青岛出版社,3676,169944,10.60,12.40,13.90,11.90,None,None,12.40,12.80,14.94,
9787802444522,201104,大家都有病,36,朱德庸,成人绘本漫画,现代出版社,4334,169740,21.20,22.90,22.90,19.80,None,None,23.40,11.50,25.56,
9787535435828,200712,蜗居,25,六六,小说,长江文艺出版社有限公司,1059,169187,14.80,17.20,17.20,None,None,None,16.20,16.30,19.50,
9787229058340,201212,香蕉哲学,48,杨昌溢,散杂文,重庆出版社,13322,169182,28.00,32.80,29.30,31.70,None,None,31.20,19.20,None,
9787530447734,201007,君之的10分钟蛋糕,28,君之,西餐,北京科学技术出版社,26363,168843,16.50,20.30,20.30,18.80,None,None,18.20,13.70,22.96,
9787020054985,200608,肖申克的救赎,29.9,斯蒂芬·金,小说,人民文学出版社,23819,168692,17.60,19.50,19.50,19.70,None,None,19.50,19.40,23.92,
9787550004115,201304,致我们终将逝去的青春,29.8,辛夷坞,小说,百花洲文艺出版社,4596,168600,18.60,18.60,18.60,16.40,None,None,17.60,9.50,None,
9787506338691,200701,驻京办主任,22,王晓方,小说,作家出版社,670,167022,14.30,17.60,16.10,None,None,None,None,7.50,18.48,
9787020052783,200509,当代书丛-藏獒,25,杨志军,小说,人民文学出版社,259,166677,None,None,None,None,None,None,None,12.30,21.25,
9787301108154,200607,输赢,36,付遥,小说,北京大学出版社有限公司,55,166046,None,26.40,None,None,None,None,None,23.40,None,
9787536679870,200804,藏地密码(1),24.8,何马,小说,重庆出版社,3601,165807,15.90,18.00,19.20,16.40,None,None,16.10,9.40,22.32,
9787020068616,200812,亲爱的安德烈,26,龙应台,散杂文,人民文学出版社,7475,165387,None,20.50,None,None,None,None,None,None,20.80,
9787508633121,201206,第三次工业革命:新经济模式如何改变世界,45,杰里米·里夫金,经济理论,中信出版股份有限公司,13122,164809,28.10,28.40,28.40,30.60,None,None,31.50,14.40,32.40,
9787544731706,201211,少年pi的奇幻漂流,35,扬·马特尔,小说,江苏译林出版社,7870,164476,22.37,25.30,24.20,23.80,None,None,22.80,25.60,None,
9787530208410,200709,穆斯林的葬礼,36,霍达,小说,北京十月文艺出版社,324,164434,None,None,None,None,None,None,None,None,28.08,
9787539926254,200804,国医健康绝学系列(七)-父母是孩子最好的医生,28,马悦凌,孕产育儿,江苏凤凰文艺出版社,1125,163711,None,17.50,None,None,None,None,None,None,20.44,
9787506049320,201210,崔玉涛图解家庭育儿(3)-直面小儿肠道健康,32,崔玉涛,孕产育儿,人民东方出版传媒有限公司,48217,163612,20.20,20.20,20.20,22.10,None,None,20.80,None,None,
9787539628042,200609,鬼吹灯之精绝古城,25,天下霸唱,小说,安徽文艺出版社,7504,163292,16.10,15.60,16.10,None,None,None,16.20,10.30,19.00,
9787532740260,200611,在路上,23,杰克·凯鲁亚克,小说,上海译文出版社,1759,162685,24.80,18.10,26.00,23.10,None,None,23.10,21.50,20.70,
9787802441361,200901,朱德庸作品-绝对小孩(2),32,朱德庸,成人绘本漫画,现代出版社,4212,162384,18.90,21.20,20.60,17.60,None,None,20.80,10.20,22.72,
9787508610610,200801,激荡三十年:中国企业1978-2008(下),42,吴晓波,经济理论,中信出版股份有限公司,5876,161747,27.70,33.60,31.50,28.60,None,None,27.30,27.30,35.70,
9787539962832,201307,愿你与这世界温暖相拥,36.8,毕淑敏,散杂文,江苏凤凰文艺出版社,29256,161709,22.50,25.30,22.50,22.40,None,24.50,22.50,22.10,None,
9787540456801,201208,最美的时光,32,桐华,小说,湖南文艺出版社,14513,161709,19.30,22.00,20.50,20.50,None,None,22.10,20.80,None,
9787535746092,200609,世界是平的(第2版),56,托马斯·弗里德曼,经济理论,湖南科学技术出版社,11,161613,None,48.50,None,None,None,None,None,36.40,50.40,
9787501956135,200611,家常菜精选1288例,29.8,李瑞芬,中餐,中国轻工业出版社,1281,161036,23.00,20.00,19.40,None,None,None,None,9.50,None,
9787539142395,200809,郑玉巧育儿经-婴儿卷,49.8,郑玉巧,孕产育儿,二十一世纪出版社,9043,160458,None,35.90,None,None,None,None,None,None,39.84,
9787801423344,200107,不过如此,19,崔永元,散杂文,华艺出版社,11,160231,None,7.10,None,None,None,None,None,None,None,
9787122138132,201205,于康:吃好每天3顿饭,29.8,于康,食疗,化学工业出版社,7090,160075,17.60,20.50,18.60,None,None,None,17.60,12.20,25.63,
9787020008742,199807,中国古典文学读本丛书-水浒传(共二册),50.6,施耐庵,中国古典文学,人民文学出版社,18741,159721,33.00,41.80,33.00,34.90,None,None,None,24.80,42.50,
9787540449438,201106,悟空传(完美纪念版),28,今何在,小说,湖南文艺出版社,18009,159617,14.00,18.10,14.00,17.90,None,None,14.00,18.20,21.84,
9787549218851,201304,哑舍(3),25,玄色,小说,长江出版社,27749,159086,14.80,18.40,17.40,15.30,None,None,16.20,16.30,None,
9787509523278,201007,会计从业资格考试习题集,18,会计从业资格考试辅导教材编写组,经济与管理考试,中国财政经济出版社,8658,158716,12.76,13.50,13.50,None,None,None,12.60,8.80,None,
9787540449834,201106,十宗罪(2),26.8,蜘蛛,小说,湖南文艺出版社,22280,157347,15.50,17.80,15.50,17.20,None,None,18.50,17.40,20.90,
9787506335867,200603,莲花,25,安妮宝贝,小说,作家出版社,12,157266,None,20.00,None,None,None,None,None,16.30,None,
9787501178933,200704,细节决定成败II,24.8,汪中求,企业管理,新华出版社,1291,157075,14.60,16.10,16.10,16.40,None,None,18.60,9.40,22.32,
9787508614892,200904,请给我结果(钻石版),24,姜汝祥,企业管理,中信出版股份有限公司,12473,156880,None,20.60,22.20,None,None,None,None,None,None,
9787806651087,200110,古典名著普及文库-水浒全传,18.2,施耐庵,中国古典文学,岳麓书社,4610,156636,12.40,15.10,15.10,None,None,13.10,13.60,None,14.56,
9787532738151,200601,洛丽塔,27,弗拉基米尔·纳博科夫,小说,上海译文出版社,1646,156569,19.50,20.70,22.80,23.10,None,None,21.40,24.80,22.14,
9787564210625,201106,"时寒冰说:经济大棋局,我们怎么办",39.9,时寒冰,经济理论,上海财经大学出版社,2534,156495,25.20,26.50,25.20,21.90,None,None,25.90,12.80,29.13,
9787564219239,201406,"时寒冰说:未来二十年,经济大趋势(现实篇)",49.8,时寒冰,经济理论,上海财经大学出版社,32693,154696,30.20,30.20,30.20,27.40,None,None,32.40,30.40,32.37,
9787514206630,201307,"不懂带人,你就自己干到死:把身边的庸才变干将",36,路易斯·卡夫曼,管理学与实务综合,印刷工业出版社,40112,154460,20.30,21.60,21.60,19.80,None,None,21.60,22.00,23.40,
9787506055550,201212,崔玉涛图解家庭育儿(4)-直面小儿过敏,32,崔玉涛,孕产育儿,人民东方出版传媒有限公司,46982,153869,19.90,22.10,21.10,22.10,None,24.00,20.80,None,None,
9787531331261,200611,1995-2005夏至未至(新版),25,郭敬明,小说,春风文艺出版社,58,153514,None,17.20,18.80,None,None,None,None,None,None,
9787508633558,201207,"思考,快与慢",69,丹尼尔·卡尼曼,经济理论,中信出版股份有限公司,15693,152899,41.40,41.40,41.40,46.90,None,None,44.80,50.40,48.99,
9787108016751,200205,钱钟书集-围城,18.6,钱钟书,小说,生活.读书.新知三联书店,16,152889,None,15.60,None,None,None,None,None,None,None,
9787509551257,201403,注册会计师全国统一考试辅导教材-会计(2014),50,中国注册会计师协会,经济与管理考试,中国财政经济出版社,27554,152623,37.50,47.50,45.00,41.50,None,None,None,20.50,49.00,
9787532617234,200507,唐诗鉴赏辞典,58,萧涤非,中国古典文学,上海辞书出版社,1157,152577,44.10,45.70,None,None,None,None,None,None,49.30,
9787111165170,200506,德鲁克管理经典-卓有成效的管理者,28,彼得·德鲁克,管理学与实务综合,机械工业出版社,286,152386,None,None,None,None,None,None,None,11.50,12.60,
9787539179858,201211,郑玉巧育儿经-婴儿卷(全新修订彩色版),49.8,郑玉巧,孕产育儿,二十一世纪出版社,21425,152081,28.80,28.80,27.40,32.90,None,None,27.40,32.40,None,
9787506049375,201208,崔玉涛图解家庭育儿(2),32,崔玉涛,孕产育儿,人民东方出版传媒有限公司,46369,151666,19.10,21.00,21.00,22.10,None,None,22.10,None,None,
9787506064408,201307,崔玉涛图解家庭育儿(7)-小儿护理,32,崔玉涛,孕产育儿,人民东方出版传媒有限公司,49466,151642,18.60,25.60,20.80,22.10,None,None,20.80,None,None,
9787508645131,201408,参与感:小米口碑营销内部手册,56,黎万强,销售/营销,中信出版股份有限公司,45389,151425,33.00,40.90,38.60,26.90,None,None,40.90,30.80,40.32,
9787806646397,200501,中国古典文学名著-三国演义,20,罗贯中,中国古典文学,长春出版社,479,150418,14.00,14.70,15.80,None,None,15.40,15.80,11.30,18.00,
9787208072107,200708,灿烂千阳,28,卡勒德·胡赛尼,小说,上海人民出版社,19466,150359,17.60,19.60,19.60,19.60,None,None,19.60,18.20,22.96,
9787540456788,201208,华胥引(套装共2册),39.8,唐七公子,小说,湖南文艺出版社,31062,150264,30.88,26.40,30.80,31.90,None,None,30.80,32.40,None,
9787544265591,201308,川端康成作品-雪国,32,川端康成,小说,南海出版公司,46037,150147,20.20,22.10,22.10,21.10,None,23.04,18.40,20.80,None,
9787544247252,201006,1Q84 BOOK(2)(7月-9月)(精),36,村上春树,小说,南海出版公司,4862,150105,25.40,26.00,25.40,23.80,None,None,25.20,17.30,28.08,
9787535439765,200903,一句顶一万句,29.8,刘震云,小说,长江文艺出版社有限公司,6994,150035,17.60,20.10,20.10,18.20,None,None,19.40,19.40,23.24,
9787505428317,201107,致我们终将逝去的青春(全新修订版),29.8,辛夷坞,小说,朝华出版社,1510,149603,18.50,19.40,19.40,19.70,None,None,None,12.20,23.84,
9787535451521,201310,愿风裁尘,36.8,郭敬明,散杂文,长江文艺出版社有限公司,13477,149115,21.70,27.60,27.60,22.40,None,None,23.90,23.90,None,
9787506065948,201310,崔玉涛图解家庭育儿(8)-小儿生长发育,32,崔玉涛,孕产育儿,人民东方出版传媒有限公司,49465,148583,20.45,22.10,22.10,22.10,None,None,20.80,None,None,
9787539628318,200611,鬼吹灯之云南虫谷,26.8,天下霸唱,小说,安徽文艺出版社,7241,148023,16.80,16.80,17.30,15.50,None,None,17.40,11.00,19.56,
9787535471376,201311,货币战争(5)-山雨欲来,46,宋鸿兵,金融,长江文艺出版社有限公司,27527,147753,27.10,30.50,27.10,25.30,None,None,33.10,26.70,32.20,
9787534586040,201205,睡前胎教故事(孕妈妈必读的70个胎教故事，附赠中外胎教音乐精选CD),35,汉竹,孕产育儿,江苏凤凰科学技术出版社,19483,147647,17.40,17.40,17.40,None,None,46.20,17.40,22.80,None,
9787539628226,200610,鬼吹灯之龙岭迷窟,25,天下霸唱,小说,安徽文艺出版社,7281,147085,15.60,15.60,15.60,14.50,None,None,16.20,16.00,19.00,
9787200097177,201304,父母必读杂志养育系列图书-崔玉涛:宝贝健康公开课,48,崔玉涛,孕产育儿,北京出版社,33197,146425,27.90,31.20,27.90,None,None,None,27.90,19.70,None,
9787530211106,201107,三毛全集-雨季不再来,24,三毛,散杂文,北京十月文艺出版社,20685,146340,15.20,15.20,15.20,15.80,None,None,15.20,17.00,19.20,
9787539628363,200612,鬼吹灯之昆仑神宫,28,天下霸唱,小说,安徽文艺出版社,7213,145895,16.50,17.50,21.00,16.20,None,None,18.20,11.50,21.28,
9787801876553,200504,会有天使替我爱你,20,明晓溪,小说,新世界出版社,137,145857,None,12.20,None,None,None,None,None,None,18.00,
9787500449287,200504,时代光华培训大师系列-赢在执行,39,余世维,企业管理,中国社会科学出版社,79,145548,32.00,26.80,None,None,None,None,None,12.50,None,
9787535435613,200712,被窝是青春的坟墓,22,七堇年,散杂文,长江文艺出版社有限公司,743,145534,None,None,16.50,None,None,None,None,7.00,17.16,
9787508603995,200505,赢,35,杰克·韦尔奇,管理学与实务综合,中信出版股份有限公司,206,144935,None,27.10,None,None,None,None,None,17.20,31.50,
9787540456429,201207,十宗罪3:中国十大变态凶杀案,29.8,蜘蛛,小说,湖南文艺出版社,22353,144123,17.60,19.80,17.60,19.10,None,None,20.60,19.40,None,
9787511222619,201204,阳谋高手,38,黄晓阳,小说,光明日报出版社,1373,143697,27.60,26.10,24.70,23.20,None,None,None,24.70,29.64,
9787540466145,201403,你是最好的自己,36.8,"杨杨,张皓宸",散杂文,湖南文艺出版社,49585,143679,21.80,24.70,21.80,23.60,None,None,21.80,23.90,None,
9787504969491,201304,中国银行业从业人员资格认证考试教材-公共基础,40,中国银行业从业人员资格认证办公室,经济与管理考试,中国金融出版社,35410,143598,36.00,36.00,36.00,None,None,None,None,None,None,
9787801732248,200312,林博士全新健康经-无毒一身轻:21天改造体质(附光盘),29.8,林光常,健康养生,国际文化出版公司,62,143592,None,10.90,None,None,None,None,None,None,26.82,
9787020008735,199807,中国古典文学读本丛书-西游记(共二册),47.2,吴承恩,中国古典文学,人民文学出版社,18540,143486,27.80,31.90,31.90,32.60,None,None,30.70,34.90,39.65,
9787547708507,201305,史玉柱自述:我的营销心得,42,史玉柱,销售/营销,同心出版社,6149,143024,28.30,28.30,28.30,23.10,None,None,29.00,25.60,27.30,
9787564219352,201407,"时寒冰说:未来二十年,经济大趋势(未来篇)",59.8,时寒冰,经济理论,上海财经大学出版社,36489,142409,31.50,38.90,38.90,32.90,None,None,38.90,36.50,38.87,
9787506373753,201405,陆犯焉识,38,严歌苓,小说,作家出版社,14963,142287,24.28,26.10,25.30,26.20,None,26.98,24.70,18.60,None,
9787530209554,200902,平凡的世界(共3部),68,路遥,小说,北京十月文艺出版社,1237,142173,None,49.20,None,None,None,None,None,46.90,61.20,
9787530945735,200608,漫漫古典情系列-当时只道是寻常:纳兰词的情意写真,23.8,安意如,散杂文,天津教育出版社,1432,142134,18.50,17.50,None,None,None,None,None,None,18.56,
9787531328858,200502,1995-2005夏至未至,24,郭敬明,小说,春风文艺出版社,382,140438,None,14.70,None,None,None,None,None,None,None,
9787530212738,201301,眠空,39.5,安妮宝贝,散杂文,北京十月文艺出版社,5507,139500,24.30,29.60,26.90,None,None,None,26.90,25.70,None,
9787535452528,201112,南音(上),24.8,笛安,小说,长江文艺出版社有限公司,5693,139188,14.60,16.40,16.40,15.10,None,None,16.10,7.90,19.34,
9787532129843,200603,余华作品-兄弟(下),27,余华,小说,上海文艺出版社,8,138104,None,None,None,None,None,None,19.40,None,None,
9787539963402,201308,匆匆那年(完美纪念版),45,九夜茴,小说,江苏凤凰文艺出版社,44057,137811,21.10,23.60,21.10,24.80,None,None,22.50,22.10,None,
9787514146042,201405,全国会计从业资格考试辅导教材-会计电算化,20,全国会计从业资格考试辅导教材编写组,经济与管理考试,经济科学出版社,103640,137799,16.30,16.30,16.30,None,None,None,16.00,13.00,None,
9787514146035,201405,全国会计从业资格考试辅导教材-会计基础,30,全国会计从业资格考试辅导教材编写组,经济与管理考试,经济科学出版社,101390,137493,24.90,26.00,24.90,None,None,None,24.00,19.50,27.00,
9787510108532,201110,新生儿婴儿护理百科全书,36.8,陈宝英,孕产育儿,中国人口出版社,34299,137419,20.70,20.70,20.70,None,None,None,23.90,18.00,29.44,
9787514146028,201405,全国会计从业资格考试辅导教材-财经法规与会计职业道德,25,全国会计从业资格考试辅导教材编写组,经济与管理考试,经济科学出版社,101543,137081,20.90,21.70,20.90,None,13.00,None,18.80,16.30,22.50,
9787535446794,201010,橙:陪安东尼度过漫长岁月(2),28.8,安东尼,散杂文,长江文艺出版社有限公司,5398,136956,19.10,20.60,19.10,17.60,None,None,18.70,9.20,22.46,
9787540463519,201308,十宗罪(4),32,蜘蛛,小说,湖南文艺出版社,25543,136684,17.90,22.00,17.90,20.50,None,22.02,22.10,20.80,None,
9787506060370,201306,崔玉涛图解家庭育儿-小儿疫苗接种(6),32,崔玉涛,孕产育儿,人民东方出版传媒有限公司,45861,136384,20.45,23.10,23.10,22.10,None,None,20.80,None,None,
9787506340014,200706,驻京办主任(二),25,王晓方,小说,作家出版社,685,136318,18.80,18.80,18.80,None,None,None,None,8.00,22.50,
9787101077476,201012,姥姥语录,26,倪萍,散杂文,中华书局,3616,135802,17.10,19.50,18.30,18.20,None,None,18.20,10.70,20.80,
9787506366663,201210,莫言文集-丰乳肥臀,46,莫言,小说,作家出版社,9929,134938,28.10,34.50,25.90,31.70,None,None,25.90,22.50,None,
9787506440530,200609,中国新股民必读全书,29.8,陈火金,个人理财,中国纺织出版社,7,134677,None,17.90,None,None,None,None,None,9.50,None,
9787542618214,200309,中国股市操作强化训练第一书-股市操练大全(第4册),30,黎凯,个人理财,上海三联书店,8263,133707,21.70,26.00,26.00,20.10,None,None,21.00,21.60,27.00,
9787539628837,200707,鬼吹灯II之黄皮子坟,26.8,天下霸唱,小说,安徽文艺出版社,7143,133418,16.80,16.10,16.80,15.50,None,None,17.40,13.10,20.37,
9787510423734,201201,高手过招:将为官艺术完美到底,39.8,黄晓阳,小说,新世界出版社,2509,133084,None,None,28.70,None,15.90,None,None,19.50,33.83,
9787500086703,201111,最好的时光在路上,38,郭子鹰,散杂文,中国大百科全书出版社,1175,132826,25.13,30.40,30.40,None,None,None,None,15.60,30.40,
9787561760710,201201,突然就走到了西藏,42,陈坤,散杂文,华东师范大学出版社,8379,132639,23.10,26.60,23.10,27.70,None,None,29.00,27.30,33.60,
9787507527834,200909,中国最美的散文·世界最美的散文大全集(超值白金版),29.8,朱自清,散杂文,华文出版社,5190,131578,18.20,18.20,18.20,None,None,None,19.40,None,23.24,
9787802192676,200710,赢在中国:马云点评创业,38,《赢在中国》项目组,企业管理,中国民主法制出版社,299,131552,29.00,31.40,31.40,None,11.40,None,28.50,12.20,None,
9787509529096,201107,新编会计从业资格考试辅导教材-初级会计电算化(附盘)(财经版),16,会计从业资格考试辅导教材编写组,经济与管理考试,中国财政经济出版社,5280,131178,11.84,6.90,16.00,None,None,None,12.50,7.80,None,
9787214059772,200912,山楂树之恋,28,艾米,小说,江苏人民出版社,1079,131029,None,8.00,28.00,None,9.00,None,None,9.00,21.84,
9787511319661,201002,因为懂得所以慈悲:张爱玲的倾城往事,28,白落梅,散杂文,中国华侨出版社,10698,130636,16.80,18.60,16.80,17.10,None,None,18.20,15.40,20.44,
9787535454010,201112,南音(下),24.8,笛安,小说,长江文艺出版社有限公司,5039,130079,14.60,16.40,16.40,15.10,None,None,18.60,16.10,19.34,
9787543670044,201104,巧厨娘系列-家常菜(含盘),29.8,圆猪猪,中餐,青岛出版社,8615,130054,16.80,20.00,16.80,19.70,None,None,17.60,21.20,23.84,
9787535442727,200912,告别天堂,22,笛安,小说,长江文艺出版社有限公司,2699,129957,15.40,18.70,16.50,13.40,None,None,None,7.00,17.16,
9787530209363,200805,白鹿原,36,陈忠实,小说,北京十月文艺出版社,321,129288,None,None,27.00,None,None,None,None,23.40,28.08,
9787539963792,201308,以自己喜欢的方式过一生,32.8,林特特,散杂文,江苏凤凰文艺出版社,32946,129135,20.30,21.70,20.30,None,None,None,19.40,13.40,None,
9787807634362,201004,"30年后,你拿什么养活自己(1)",28,高得诚,个人理财,广西科学技术出版社,5730,129062,16.80,16.80,16.80,None,None,None,18.20,18.20,None,
9787511340672,201309,阿狸.尾巴,39.8,Hans,成人绘本漫画,中国华侨出版社,13575,128637,22.40,26.70,26.00,21.90,None,None,25.90,24.30,None,
9787535457790,201208,这些都是你给我的爱2:云治,32.8,安东尼,成人绘本漫画,长江文艺出版社有限公司,5766,128406,20.30,20.30,20.30,None,None,None,21.30,10.50,None,
9787514143102,201404,注册会计师全国统一考试辅导教材-税法(2014),46,中国注册会计师协会,经济与管理考试,经济科学出版社,23027,128007,34.50,43.70,41.40,None,16.60,None,None,18.90,None,
9787563379637,200901,常识(平),38,梁文道,散杂文,广西师范大学出版社,5583,127311,22.40,25.60,25.60,25.10,None,None,26.60,16.80,30.40,
9787801157195,200409,港台名家名作-席慕蓉经典作品,22.8,席慕蓉,文学其他,当代世界出版社,212,126095,None,15.50,None,None,None,None,None,9.30,18.24,
9787510109294,201111,十月怀胎知识百科全书,36.8,陈宝英,孕产育儿,中国人口出版社,46352,125742,16.10,23.00,16.10,None,None,None,None,18.00,29.44,
9787503952265,201111,理想丰满,45,冯仑,企业管理,文化艺术出版社,3927,125633,29.00,30.90,29.00,28.80,None,None,31.00,22.10,36.45,
9787539936833,201004,杜拉拉3:我在这战斗的一年里,29.8,李可,小说,江苏凤凰文艺出版社,547,125600,None,20.60,23.80,None,None,None,None,20.00,None,
9787542616241,200112,中国股市操作强化训练第一书-股市操练大全(第3册),28,黎航,个人理财,上海三联书店,8456,125526,19.60,24.30,24.30,18.80,None,None,19.60,18.20,25.20,
9787536698598,200807,藏地密码(2),28,何马,小说,重庆出版社,3064,124987,16.50,20.30,20.30,18.50,None,None,18.20,10.60,22.40,
9787806654033,200407,古典名著普及文库-水浒全传(精),21.5,施耐庵,中国古典文学,岳麓书社,168,124895,15.50,None,None,None,None,None,None,None,17.20,
9787020067107,200904,天使与魔鬼,32,丹·布朗,小说,人民文学出版社,303,124656,None,None,25.60,None,None,None,None,None,25.60,
9787020049929,200503,天使与魔鬼,29.8,丹·布朗,小说,人民文学出版社,43,124005,None,None,None,None,None,None,None,14.60,16.39,
9787540464769,201402,我这辈子有过你,32,张小娴,小说,湖南文艺出版社,22558,123801,18.90,17.60,16.00,20.50,None,None,22.70,20.80,None,
9787532723447,199911,老人与海,8.2,欧内斯特·海明威,小说,上海译文出版社,48,123221,None, 7.50
,None,None,None,None,None,None,None,
9787535443212,200503,年华是无效信(2010年修订版),24.8,落落,小说,长江文艺出版社有限公司,3778,123195,14.60,16.40,16.40,15.10,None,None,16.10,7.90,19.34,
9787542631664,201001,送你一颗子弹,25,刘瑜,散杂文,上海三联书店,11881,123033,18.00,19.30,18.00,17.30,None,None,18.00,16.30,21.00,
9787539932811,200908,微微一笑很倾城,25,顾漫,小说,江苏凤凰文艺出版社,3586,121512,None,None,17.30,None,None,None,None,10.30,17.75,
9787505723306,200704,盗墓笔记(2)-秦岭神树,26.8,南派三叔,小说,中国友谊出版公司,147,121365,None,19.30,None,None,None,None,None,17.40,20.10,
9787530211007,201106,张小娴散文精选集-想念,25,张小娴,散杂文,北京十月文艺出版社,4549,121244,16.40,18.10,18.10,16.50,None,None,17.50,16.30,20.00,
9787514132687,201304,全国会计专业技术资格考试教材-经济法基础,40,财政部会计资格评价中心,经济与管理考试,经济科学出版社,10576,121201,35.60,37.50,37.50,33.20,None,None,None,12.80,None,
9787508634760,201208,沃顿商学院最受欢迎的谈判课,69,斯图尔特·戴蒙德,商务贸易,中信出版股份有限公司,8585,120313,47.50,46.30,46.30,46.90,None,None,44.80,23.40,49.68,
9787502815226,199808,日本蜡烛图技术:古老东方投资术的现代指南,60,史蒂夫·尼森,个人理财,地震出版社,27912,120044,36.00,36.00,36.00,39.60,None,None,36.00,None,49.80,
9787503535710,200702,干在实处走在前列:推进浙江新发展的思考与实践,66,习近平,经济理论,中共中央党校出版社,8251,119905,49.20,31.70,49.30,47.50,None,None,46.20,27.10,58.08,
9787806646359,200501,中国古典文学名著-红楼梦,28,曹雪芹,中国古典文学,长春出版社,387,119823,20.50,20.50,20.50,None,None,None,17.60,13.70,25.20,
9787100044523,200505,蓝海战略:超越产业竞争开创全新市场,38,W.钱·金,企业管理,商务印书馆有限公司,31,119734,None,31.80,None,None,None,None,None,None,None,
9787539629032,200709,鬼吹灯II之二-南海归墟,28,天下霸唱,小说,安徽文艺出版社,7140,119509,17.50,17.50,17.50,16.20,None,None,18.20,9.00,21.28,
9787544249867,201012,1Q84 BOOK(3)(10月-12月)(精),39.5,村上春树,小说,南海出版公司,4742,119248,25.24,28.60,None,26.10,None,28.44,27.60,19.40,30.81,
9787509532249,201112,2012年初级会计资格考试教材-初级会计实务,28,财政部会计资格评价中心,经济与管理考试,中国财政经济出版社,1266,119093,24.84,26.60,None,None,None,None,None,None,None,
9787508622187,201009,怪诞行为学:可预测的非理性,45,丹·艾瑞里,经济理论,中信出版股份有限公司,9876,119020,30.00,32.50,30.00,30.60,None,None,31.50,29.30,32.40,
9787506018418,200508,刘心武揭密红楼梦(第一部),28,刘心武,文学理论及研究,人民东方出版传媒有限公司,49,118165,None,23.80,None,None,None,None,None,None,20.44,
9787504969477,201304,中国银行业从业人员资格认证考试教材-个人理财,49,中国银行业从业人员资格认证办公室,经济与管理考试,中国金融出版社,30449,117915,48.00,46.60,44.10,None,None,None,None,20.10,None,
9787532146369,201210,生死疲劳,45,莫言,小说,上海文艺出版社,5085,116846,28.00,36.00,33.80,31.10,None,None,31.50,29.30,None,
9787508641577,201308,他们最幸福,35,大冰,散杂文,中信出版股份有限公司,26898,116558,25.20,25.20,25.20,23.80,None,None,22.80,22.80,None,
9787020048144,200409,畅销文库-数字城堡,25,丹·布朗,小说,人民文学出版社,9,116428,None,None,None,None,None,None,None,12.30,None,
9787540455583,201206,遇见心想事成的自己(新版),33,张德芬,小说,湖南文艺出版社,16954,116411,20.00,21.40,21.40,21.10,None,None,22.80,16.20,26.73,
9787540735548,200601,40岁登上健康快车,24.8,洪昭光,健康养生,漓江出版社,20,116386,None,21.00,None,None,None,None,None,16.10,22.32,
9787551806336,201312,“一个”书系-去你家玩好吗,29,韩寒,文学其他,三秦出版社,10771,116354,17.10,21.80,18.60,23.10,None,None,18.80,18.90,None,
9787508643267,201312,一切都是最好的安排,36,辉姑娘,散杂文,中信出版股份有限公司,39686,115946,23.00,25.40,20.90,24.50,None,None,20.90,22.30,None,
9787201091884,201503,我与世界只差一个你,36,张皓宸,小说,天津人民出版社,115130,115130,21.70,27.00,21.70,23.80,None,None,24.80,23.40,None,
9787549550159,201401,孩子你慢慢来(插图新版),29.8,龙应台,散杂文,广西师范大学出版社,51014,115130,17.90,17.90,17.90,19.70,17.60,None,17.90,21.20,None,
9787508646626,201407,周鸿祎自述:我的互联网方法论,45,周鸿祎,企业管理,中信出版股份有限公司,30745,115009,31.00,31.00,31.00,30.60,None,None,33.30,18.50,32.40,
9787511226570,201206,舌尖上的中国,50,中央电视台纪录频道,饮食文化,光明日报出版社,824,114911,28.00,34.70,34.70,31.50,None,None,34.00,20.50,None,
9787539629216,200711,鬼吹灯II之三-怒晴湘西,28,天下霸唱,小说,安徽文艺出版社,7119,114526,17.50,17.50,17.50,16.20,None,None,18.20,9.00,21.28,
9787510438479,201302,沙海,32.8,南派三叔,小说,新世界出版社,2796,113775,19.68,25.30,22.60,None,None,None,None,13.40,None,
9787532734986,200408,译文经典-老人与海,12.8,欧内斯特·海明威,小说,上海译文出版社,445,113697,9.00,11.60,11.60,None,None,None,10.20,None,10.75,
9787509001882,200701,沙漏,25,饶雪漫,小说,当代世界出版社,231,113109,None,16.70,None,None,None,None,None,12.30,None,
9787506042536,201107,郎咸平说:我们的生活为什么这么无奈,32,郎咸平,经济理论,人民东方出版传媒有限公司,653,113096,22.10,25.60,25.60,22.40,None,None,24.00,13.10,27.84,
9787530211151,201206,张爱玲全集02-红玫瑰与白玫瑰(2012年修订版),28,张爱玲,小说,北京十月文艺出版社,20780,112991,17.50,19.30,19.30,18.50,16.50,None,19.30,19.90,None,
9787510105784,201103,婴儿全程辅食添加方案,29.8,周忠蜀,孕产育儿,中国人口出版社,28570,112388,14.60,14.90,14.60,None,None,None,None,9.50,None,
9787208061750,200608,我的名字叫红,29,奥尔罕·帕慕克,小说,上海人民出版社,519,112136,25.80,25.10,25.80,None,None,None,23.40,None,23.78,
9787509543412,201304,注册会计师全国统一考试辅导教材-会计,50,中国注册会计师协会,经济与管理考试,中国财政经济出版社,3655,111797,37.50,47.50,45.00,41.50,None,None,None,16.00,49.00,
9787201088945,201412,皮囊,39.8,蔡崇达,散杂文,天津人民出版社,101638,111764,25.40,25.40,25.40,26.30,None,None,25.40,25.90,None,
9787539137650,200706,光荣日(第一季),21,韩寒,小说,二十一世纪出版社,58,111577,None,18.20,None,None,None,None,None,10.30,16.80,
9787020090006,201207,围城,39,钱钟书,小说,人民文学出版社,27321,111528,23.90,25.50,24.20,26.90,None,None,24.20,25.40,None,
9787807592099,200901,他的国,25,韩寒,小说,万卷出版有限责任公司,534,111472,None,20.00,20.00,None,None,None,16.30,16.30,None,
9787540457716,201209,三生三世十里桃花(新版),29.8,唐七公子,小说,湖南文艺出版社,18786,111443,18.20,18.20,18.20,19.10,None,None,18.20,11.30,None,
9787540455590,201205,三生三世枕上书,32,唐七公子,小说,湖南文艺出版社,13919,111414,21.10,22.00,21.10,20.50,None,None,22.10,15.70,24.96,
9787550232204,201407,告白与告别,32.8,韩寒,散杂文,北京联合出版有限责任公司,12622,110952,20.96,24.50,23.80,18.00,None,None,23.00,18.00,None,
9787536698017,200807,藏地密码(3),28,何马,小说,重庆出版社,2855,110820,17.30,19.60,19.60,18.50,None,None,18.20,10.60,22.40,
9787807637387,201205,捏捏小手百病消,32,周尔晋,孕产育儿,广西科学技术出版社,19022,110757,18.90,19.20,18.90,21.80,None,None,23.70,20.80,26.24,
9787530209578,200906,人生,20,路遥,小说,北京十月文艺出版社,160,110488,None,16.40,None,None,None,None,None,13.00,17.00,
9787208111028,201212,霍比特人,36,J.R.R.托尔金,小说,上海人民出版社,20525,110397,22.70,22.70,22.70,25.20,None,None,25.20,27.00,None,
9787208115132,201308,群山回唱,36,卡勒德·胡赛尼,小说,上海人民出版社,21931,110374,24.00,28.40,28.40,25.20,None,25.92,25.20,23.40,None,
9787539938165,201008,省委班子,35.8,许开祯,小说,江苏凤凰文艺出版社,2676,109835,24.10,24.10,24.10,22.90,None,None,24.70,17.50,27.92,
9787544245555,201001,嫌疑人X的献身,19.8,东野圭吾,小说,南海出版公司,519,109366,None,18.30,18.30,None,None,None,None,None,15.44,
9787020101610,201311,地狱,39,丹·布朗,小说,人民文学出版社,9365,109232,24.92,27.40,27.40,26.90,None,None,25.40,25.40,None,
9787806277713,200108,大都市青春丛书-爱与痛的边缘,25,郭敬明,散杂文,东方出版中心,2933,109192,17.30,9.00,18.80,None,None,None,None,8.20,20.50,
9787301239544,201404,2014年注册会计师考试应试指导及全真模拟测试-会计,52,张志凤,经济与管理考试,北京大学出版社有限公司,16453,109181,None,37.20,31.20,None,None,None,None,25.50,None,
9787535458476,201207,重返狼群,35,李微漪,散杂文,长江文艺出版社有限公司,20538,109147,21.30,23.70,23.70,21.40,None,None,22.80,17.20,None,
9787807297451,201005,侯卫东官场笔记,29.8,小桥老树,小说,江苏凤凰出版社,3516,109095,17.60,20.80,19.90,16.40,None,None,19.40,14.60,21.16,
9787506353069,201004,失乐园(全译本),33,渡边淳一,小说,作家出版社,4169,108743,26.40,24.80,None,None,None,None,None,16.20,27.72,
9787532755202,201108,不能承受的生命之轻(精装版),37,米兰·昆德拉,小说,上海译文出版社,3904,108297,None,35.20,35.90,None,None,None,None,None,31.45,
9787530209219,200804,张小娴散文精选集-永不永不说再见,25,张小娴,散杂文,北京十月文艺出版社,41,108272,None,18.80,None,None,None,None,None,16.30,19.50,
9787119083018,201307,从零开始学炒股：炒股绝招,59,于长勇,个人理财,外文出版社,79025,108167,17.50,34.80,None,None,None,None,None,22.40,None,
9787508616827,200909,第五项修炼:学习型组织的艺术与实践(新世纪最新扩充修订版),58,彼得·圣吉,管理学与实务综合,中信出版股份有限公司,8944,107250,37.90,37.90,37.90,39.40,None,None,40.60,42.30,41.76,
9787539629155,200804,鬼吹灯II之四-巫峡棺山(大结局),39.8,天下霸唱,小说,安徽文艺出版社,7144,106878,25.90,24.30,25.90,None,None,None,25.90,12.70,33.83,
9787501545742,200601,无毒一身轻(2):生病34因健康7大法(含盘),29.8,林光常,健康养生,知识出版社,72,106386,None,24.20,None,None,None,None,None,12.20,None,
9787208072244,200712,大象的眼泪,25,莎拉·格鲁恩,小说,上海人民出版社,384,106386,20.30,19.70,20.00,20.30,None,None,20.30,16.30,21.25,
9787535434241,200705,世界文学名著典藏-钢铁是怎样炼成的(全译本)(精),21,尼古拉·奥斯特洛夫斯基,小说,长江文艺出版社有限公司,1736,106293,13.95,None,15.90,None,None,None,None,None,15.96,
9787539153551,201002,郑玉巧育儿经-郑玉巧教妈妈喂养,35,郑玉巧,孕产育儿,二十一世纪出版社,9429,106231,20.60,20.60,20.60,23.10,None,None,22.80,22.80,28.00,
9787544711302,201006,经典译林-傲慢与偏见,18.5,简·奥斯汀,小说,江苏译林出版社,19288,106218,11.10,11.70,11.10,12.60,None,None,12.00,12.00,15.17,
9787514112221,201112,2012年初级会计资格考试教材-经济法基础,36,财政部会计资格评价中心,经济与管理考试,经济科学出版社,1404,105356,32.40,33.80,32.40,None,None,None,None,None,None,
9787506343312,200806,驻京办主任(三),29,王晓方,小说,作家出版社,567,105141,21.20,21.80,21.80,None,None,None,20.90,9.30,24.36,
9787510107498,201106,怀孕怎么吃:孕期营养与食谱全书(畅销全彩版),28.8,罗立华,孕产育儿,中国人口出版社,8516,104779,14.30,14.30,14.30,None,None,None,None,10.90,25.92,
9787544245517,200912,放学后,20,东野圭吾,小说,南海出版公司,182,104649,25.00,17.20,None,None,None,None,None,None,16.00,
9787542623300,200606,中国股市操作强化训练第一书-股市操练大全(第5册)(终极篇),35,黎航,个人理财,上海三联书店,7514,104583,25.30,30.30,25.30,23.50,None,None,24.50,25.20,29.40,
9787544710800,201006,经典译林-海底两万里,22.5,儒勒·凡尔纳,小说,江苏译林出版社,22336,104375,14.20,16.30,15.90,15.30,None,None,14.60,16.40,18.45,
9787535437631,200806,全世爱,18.8,苏小懒,小说,长江文艺出版社有限公司,774,104353,None,13.80,None,None,None,None,None,6.00,15.98,
9787530209486,200904,张爱玲全集-倾城之恋,29.8,张爱玲,小说,北京十月文艺出版社,174,104187,None,None,None,None,None,None,None, 19.40
,None,
9787506035316,200906,郎咸平说-谁在谋杀中国经济(附身中国人的文化魔咒),32,郎咸平,经济理论,人民东方出版传媒有限公司,407,104052,29.00,24.90,23.00,None,None,None,24.00,14.20,None,
9787540450977,201109,步步惊心(新版)(上下册),38,桐华,小说,湖南文艺出版社,2875,103986,25.30,26.10,25.30,24.30,None,None,26.20,24.70,29.64,
9787549224968,201407,哑舍(4),25,玄色,小说,长江出版社,31800,103976,15.80,19.00,15.80,15.30,None,16.50,16.20,16.50,None,
9787539946993,201108,杉杉来吃,25,顾漫,小说,江苏凤凰文艺出版社,4260,103680,None,None,15.00,None,None,None,None,None,17.75,
9787506023832,200511,刘心武揭密红楼梦(第二部),28,刘心武,文学理论及研究,人民东方出版传媒有限公司,67,103547,None,22.10,None,None,None,None,None,44.20,23.80,
9787505723856,200711,盗墓笔记(3)-云顶天宫,26.8,南派三叔,小说,中国友谊出版公司,427,103451,None,19.10,None,None,None,None,None,17.40,19.56,
9787530210437,201009,幸福的七种颜色(精),20,毕淑敏,散杂文,北京十月文艺出版社,7954,103416,12.00,12.60,12.00,13.20,None,None,14.00,13.00,16.00,
9787806651070,200110,古典名著普及文库-西游记,15.5,吴承恩,中国古典文学,岳麓书社,3957,103313,10.50,13.20,13.20,None,None,None,10.20,None,12.40,
9787543648685,200808,爱心家肴-新编过瘾川菜,19.9,爱心家肴美食文化工作室,中餐,青岛出版社,222,103270,14.30,14.60,14.30,13.10,None,None,12.70,14.10,18.60,
9787506341011,200709,素年锦时,27,安妮宝贝,文学其他,作家出版社,5,102318,None,20.30,None,None,None,None,None,None,None,
9787301208274,201208,经济学原理(第6版):宏观经济学分册,52,N.格里高利·曼昆,经济理论,北京大学出版社有限公司,24476,101749,32.90,43.90,35.90,None,None,40.04,43.70,None,44.20,
9787544711050,201006,经典译林-童年·在人间·我的大学,29.8,马克西姆·高尔基,小说,江苏译林出版社,19594,101457,18.80,21.50,20.10,20.30,None,None,19.40,21.80,24.44,
9787806572504,200112,20世纪最畅销的魔幻经典-魔戒(第一部)-魔戒再现,22.6,托尔金,小说,江苏译林出版社,128,101435,None,17.00,None,None,None,None,None,None,None,
9787530209820,200906,新月集飞鸟集(精),20,泰戈尔,戏剧/诗歌,北京十月文艺出版社,5210,101422,15.00,15.00,15.00,13.20,None,None,None,13.00,16.00,
9787802444249,200904,幾米漫画作品-我的错都是大人的错,29,幾米,成人绘本漫画,现代出版社,1706,101376,21.20,16.20,22.40,None,None,None,18.80,None,24.65,
9787301208281,201208,经济学原理(第6版):微观经济学分册,64,N.格里高利·曼昆,经济理论,北京大学出版社有限公司,22179,101351,43.60,50.90,50.90,None,None,None,53.80,41.60,54.40,
9787535436740,200803,陪安东尼度过漫长岁月,18,安东尼,散杂文,长江文艺出版社有限公司,605,100825,14.00,15.30,None,None,None,None,None,5.80,14.04,
9787806646380,200504,中国古典文学名著-水浒传,26,施耐庵,中国古典文学,长春出版社,461,100789,17.10,19.30,19.30,None,None,None,16.50,12.70,None,
9787010120072,201305,闲来笔潭,58,吴官正,文学其他,人民出版社,1225,100692,37.06,49.30,49.30,46.40,None,None,46.40,37.70,None,
9787805672458,199807,简·爱(精)(彩版),18,夏洛蒂·勃朗特,小说,江苏译林出版社,3,100636,None,13.50,None,None,None,None,None,None,None,
9787506366649,201210,2012诺贝尔文学奖获得者莫言最新长篇小说-生死疲劳,39,莫言,小说,作家出版社,6259,100585,23.00,29.30,33.50,None,None,None,25.40,19.10,None,
9787536475816,201303,你吃对了吗?,33,"于康,悦悦",食疗,四川科学技术出版社,4405,100505,19.50,21.90,21.90,20.10,None,None,21.40,21.50,None,
9787305050206,200704,要做股市赢家:杨百万股经奉献(附光盘),28,杨怀定,个人理财,南京大学出版社,286,100117,None,24.70,None,None,None,None,None,None,None,
9787501220779,200308,商道,38,崔仁浩,小说,世界知识出版社,2006,99983,26.80,28.50,26.80,None,None,None,24.70,24.70,32.30,
9787535432100,200603,世界文学名著典藏-简.爱(全译本),22,夏洛蒂·勃朗特,小说,长江文艺出版社有限公司,2247,99886,16.60,16.60,16.60,None,None,None,None,None,None,
9787544253956,201105,富爸爸穷爸爸,25,"罗伯特·清崎,莎伦·莱希特",个人理财,南海出版公司,446,99824,None,18.80,None,None,None,None,None,16.30,None,
9787802444331,200909,幾米漫画作品-星空,48,幾米,成人绘本漫画,现代出版社,4058,99675,25.20,25.20,25.20,None,None,None,25.20,31.20,38.40,
9787535766779,201105,此生未完成:一个母亲妻子女儿的生命日记,26,于娟,散杂文,湖南科学技术出版社,4611,99590,17.00,18.80,18.80,None,None,None,16.90,11.70,21.32,
9787561347904,200910,浮沉(2),32,崔曼莉,小说,陕西师范大学出版社,2366,99252,21.20,21.50,21.20,None,None,None,23.40,20.80,23.36,
9787020057986,200609,长征,53,王树增,散杂文,人民文学出版社,2495,98987,32.90,41.90,39.60,36.60,None,33.92,None,34.50,44.52,
9787532146376,201210,红高粱家族,35,莫言,小说,上海文艺出版社,5472,98942,28.00,28.00,26.30,24.20,None,None,24.50,22.80,None,
9787544241694,200809,嫌疑人X的献身,28,东野圭吾,小说,南海出版公司,1025,98590,None,21.00,None,None,None,None,None,None,21.84,
9787504963819,201207,证券业从业人员资格考试教材-证券市场基础知识,42,中国证券业协会,经济与管理考试,中国金融出版社,37001,98568,31.50,37.80,37.80,34.90,None,None,37.80,27.30,41.16,
9787122064875,201001,时尚美食馆-新编家常菜谱2000例,29.8,双福,中餐,化学工业出版社,12184,98307,17.90,17.90,17.90,None,None,None,19.40,19.40,25.63,
9787535468635,201307,沙海(第2卷)-沙蟒蛇巢,32.8,南派三叔,小说,长江文艺出版社有限公司,20618,97898,17.30,17.30,17.30,None,None,None,17.30,21.30,None,
9787508027692,200211,定本育儿百科,49,松田道雄,孕产育儿,华夏出版社,763,97072,33.00,38.00,42.90,None,None,None,None,31.90,None,
9787020096466,201307,家,33,巴金,小说,人民文学出版社,26364,96742,19.50,21.50,21.50,22.80,None,None,21.50,21.50,None,
9787506340991,200709,市长秘书,23,王晓方,小说,作家出版社,54,96692,20.80,17.30,21.30,None,None,None,None,None,19.32,
9787506246750,200010,富爸爸-财务自由之路,23.8,罗伯特·T.清崎,个人理财,世界图书出版公司,28,96393,None, 21.00
,None,None,None,None,None,None,None,
9787508632858,201205,就想开间小小咖啡馆,36,王森,散杂文,中信出版股份有限公司,6004,96370,22.60,25.20,25.20,24.50,None,None,23.40,23.40,24.48,
9787540449070,201309,三生三世枕上书(终篇),35,唐七公子,小说,湖南文艺出版社,14055,96365,23.00,24.10,23.00,22.40,None,None,24.20,24.20,None,
9787550211315,201212,晓说,32.8,高晓松,散杂文,北京联合出版有限责任公司,5446,96341,19.40,23.40,21.50,18.00,None,None,21.30,16.10,None,
9787229000448,200810,藏地密码(4),29.8,何马,小说,重庆出版社,2724,96009,15.00,23.00,23.00,19.70,None,None,19.40,11.90,23.84,
9787530211069,201107,三毛全集-万水千山走遍,24,三毛,散杂文,北京十月文艺出版社,12849,95883,14.20,17.40,17.40,15.80,None,None,17.40,17.00,19.20,
9787544249362,201012,我在雨中等你,25,加思·斯坦,小说,南海出版公司,13316,95833,17.20,18.80,18.30,16.50,None,None,18.30,17.80,20.00,
9787806654026,200407,古典名著普及文库-西游记,17.5,吴承恩,中国古典文学,岳麓书社,651,95736,None,14.90,14.00,None,None,None,None,6.80,14.00,
9787111280743,200909,德鲁克管理经典-管理的实践(珍藏版),49,彼得·德鲁克,管理学与实务综合,机械工业出版社,11107,95086,31.50,31.50,31.50,33.30,None,None,31.50,31.90,34.30,
9787508623429,201011,思考的技术:思考力决定竞争力,32,大前研一,企业管理,中信出版股份有限公司,4620,95064,None,25.60,29.60,None,None,None,None,None,None,
9787530213476,201401,你是我不及的梦,29.5,三毛,散杂文,北京十月文艺出版社,15768,95053,18.50,22.10,20.40,19.50,None,21.24,20.60,19.20,None,
9787532743001,200707,海边的卡夫卡,27,村上春树,小说,上海译文出版社,1343,95043,21.80,27.40,27.40,25.90,None,None,24.00,20.80,22.14,
9787806572665,200112,20世纪最畅销的魔幻经典-魔戒(第二部)-双塔奇兵,18.8,托尔金,小说,江苏译林出版社,147,94968,None,14.90,None,None,None,None,None,8.40,None,
9787530470121,201401,跟着君之做饼干,29.8,君之,西餐,北京科学技术出版社,23821,94785,17.30,17.30,17.30,20.00,None,None,19.40,19.40,None,
9787544717991,201110,译林名著精选-童年,18,马克西姆·高尔基,小说,江苏译林出版社,18404,94711,11.70,13.50,13.50,12.20,None,None,13.50,13.10,14.76,
9787020073429,200904,骗局,29,丹·布朗,小说,人民文学出版社,441,94006,22.90,23.20,23.20,None,None,None,None,14.20,23.20,
9787540460921,201304,十宗罪前传,29.8,蜘蛛,小说,湖南文艺出版社,17964,93669,18.40,20.50,19.90,19.10,None,None,20.60,19.40,None,
9787806572672,200112,20世纪最畅销的魔幻经典-魔戒(第三部)-王者无敌,21.2,托尔金,小说,江苏译林出版社,149,93593,None,15.90,None,None,None,None,None,None,None,
9787550227743,201404,白岩松:行走在爱与恨之间,39.8,白岩松,散杂文,北京联合出版有限责任公司,26232,93523,23.50,25.20,25.20,21.90,None,None,25.90,23.90,None,
9787806574317,200301,海底两万里(精),19.5,儒勒·凡尔纳,小说,江苏译林出版社,16,93420,None,15.40,None,None,None,None,None,8.00,17.55,
9787807619031,201206,古典名著普及文库-三国演义,18,罗贯中,中国古典文学,岳麓书社,14454,93008,12.20,15.40,15.40,None,None,None,11.70,12.40,14.40,
9787544711043,201006,经典译林-巴黎圣母院,24,维克多·雨果,小说,江苏译林出版社,15352,92907,14.20,18.50,18.50,16.30,None,None,15.60,17.50,19.68,
9787532146345,201210,檀香刑,37,莫言,小说,上海文艺出版社,4751,92850,24.40,26.80,26.60,25.50,None,None,25.90,24.10,None,
9787505119086,201101,马云内部讲话,28,阿里巴巴集团,企业管理,红旗出版社,2605,92818,15.80,15.80,18.00,18.50,None,None,16.50,13.70,25.20,
9787508647258,201408,21世纪资本论,98,托马斯·皮凯蒂,经济理论,中信出版股份有限公司,45993,92727,56.90,72.60,67.60,66.60,None,None,67.60,63.70,70.56,
9787539967448,201402,教父(全新完整译本),45,马里奥·普佐,小说,江苏凤凰文艺出版社,24576,92681,31.00,32.50,31.00,24.80,None,None,29.70,27.50,None,
9787544219570,200109,彼岸花,20,安妮宝贝,小说,南海出版公司,14,92485,None,13.80,None,None,None,None,None,None,None,
9787505724778,200811,盗墓笔记(4)-蛇沼鬼城,32.8,南派三叔,小说,中国友谊出版公司,668,92464,None,22.60,None,None,None,None,None,None,22.30,
9787535435590,200801,落落首部随笔集-不朽,22,落落,散杂文,长江文艺出版社有限公司,1296,92347,13.00,15.10,15.10,None,None,None,14.30,7.00,17.16,
9787806651384,200201,古文观止(言文对照),24.8,吴楚材,中国古典文学,岳麓书社,5798,92077,19.90,19.90,19.90,None,None,None,18.60,None,None,
9787301239551,201404,2014注册会计师考试应试指导及全真模拟测试-税法,49,刘颖,经济与管理考试,北京大学出版社有限公司,15324,91975,36.75,37.70,29.40,None,None,None,None,None,None,
9787535425072,200407,狼图腾(简装本),18,姜戎,小说,长江文艺出版社有限公司,243,91906,30.00,13.50,None,None,None,None,None,None,None,
9787505725508,200907,盗墓笔记(5)-谜海归巢,32.8,南派三叔,小说,中国友谊出版公司,649,91819,None,24.90,28.80,None,None,None,None,21.30,None,
9787229036683,201104,藏地密码(10):神圣大结局,39.8,何马,小说,重庆出版社,2924,91430,23.50,30.80,30.80,26.30,None,None,25.90,15.90,31.84,
9787540435950,200601,青瓷,32,浮石,小说,湖南文艺出版社,30,91347,None,25.20,None,None,None,None,None,15.70,25.60,
9787544244244,200904,西尔斯怀孕百科,29.8,"威廉·西尔斯,玛莎·西尔斯,琳达·休伊·霍尔特",孕产育儿,南海出版公司,13100,91159,20.60,20.60,20.60,19.70,None,None,20.60,19.40,23.84,
9787301150894,200905,经济学原理:微观经济学分册(第5版),54,格里高利·曼昆,经济理论,北京大学出版社有限公司,1668,90880,None,50.40,45.90,None,None,None,None,None,49.14,
9787509002179,200705,沙漏II,25,饶雪漫,小说,当代世界出版社,245,90782,None,16.30,None,None,None,None,None,10.30,None,
9787535440853,200907,全世爱II-丝婚四年,22.8,苏小懒,小说,长江文艺出版社有限公司,646,90471,14.80,16.70,18.20,None,None,None,17.10,11.20,17.78,
9787544246309,201004,老舍集-茶馆,25,老舍,文学其他,南海出版公司,11913,90226,16.90,18.40,18.40,16.50,None,None,17.50,16.30,20.00,
9787539926605,200709,山楂树之恋,25,艾米,小说,江苏凤凰文艺出版社,23,90130,None,18.10,None,None,None,None,None,14.60,17.50,
9787020067091,200904,数字城堡,26,丹·布朗,小说,人民文学出版社,406,89921,None,24.70,None,None,None,None,None,12.70,20.80,
9787530211090,201107,三毛全集-稻草人手记,22,三毛,散杂文,北京十月文艺出版社,10953,89836,13.00,15.90,15.90,14.50,None,None,15.40,15.60,17.60,
9787535436788,200806,须臾,24.8,落落,散杂文,长江文艺出版社有限公司,1306,89688,17.60,18.20,15.40,None,None,None,16.10,7.90,22.32,
9787229002848,200812,藏地密码(5),29.8,何马,小说,重庆出版社,2749,89240,18.40,20.80,18.40,19.70,None,None,19.40,11.30,23.84,
9787500594376,200612,企业会计准则:应用指南,30,中华人民共和国财政部,财务会计,中国财政经济出版社,186,89089,29.55,28.10,28.10,None,None,None,None,19.50,None,
9787538571011,201301,超级冷漫画9-疯了!桂宝(喜悦卷),36.8,阿桂,成人绘本漫画,北方妇女儿童出版社,6983,89085,24.40,26.50,26.50,20.20,None,None,23.90,18.00,None,
9787508649887,201412,万达哲学:王健林首次自述经营之道,49,王健林,企业管理,中信出版股份有限公司,88928,88964,29.40,31.00,29.40,32.30,None,None,34.30,31.90,35.28,
9787020040841,200301,王蒙自述:我的人生哲学,18,王蒙,散杂文,人民文学出版社,23,88954,None,14.90,None,None,None,None,None,11.70,None,
9787020090297,201209,白鹿原,39,陈忠实,小说,人民文学出版社,11621,88880,25.40,28.30,28.30,26.90,None,None,28.30,25.40,None,
9787535432858,200606,世界文学名著典藏-鲁滨逊漂流记(全译本)(精),17,丹尼尔·笛福,小说,长江文艺出版社有限公司,2413,88849,13.55,11.70,12.90,None,None,None,None,None,12.92,
9787101052756,200610,中华经典藏书-诗经,19,王秀梅,中国古典文学,中华书局,8964,88726,11.20,13.40,13.40,13.30,None,None,13.40,12.40,16.15,
9787544705837,200807,荆棘鸟(十周年典藏纪念版),36,考琳·麦卡洛,小说,江苏译林出版社,9752,88670,22.70,22.70,22.70,24.50,None,None,25.20,26.30,29.52,
9787214057891,200906,不生病的纪律:女人身心性护养宝典,29,张鹤谣,健康养生,江苏人民出版社,559,88667,None,20.00,None,None,None,None,None,None,26.10,
9787807619062,201206,古典名著普及文库-红楼梦,23,曹雪芹,中国古典文学,岳麓书社,13977,88649,13.60,18.00,18.00,14.70,None,None,15.00,15.90,18.40,
9787806859360,200806,遇见心想事成的自己,29,张德芬,小说,上海锦绣文章出版社,728,88535,None,9.70,None,None,None,None,None,8.70,20.59,
9787550216570,201307,你终将爱我,28,张小娴,小说,北京联合出版有限责任公司,6388,88486,19.80,19.80,19.80,15.40,None,None,18.20,11.50,None,
9787538465341,201307,养肾就是养命,29.9,章友康,健康养生,吉林科学技术出版社,12624,88470,15.00,15.00,15.00,19.70,None,None,17.60,15.50,None,
9787539143651,200811,郑玉巧育儿经-幼儿卷,49.8,郑玉巧,孕产育儿,二十一世纪出版社,3314,88463,35.56,36.50,36.50,32.90,None,None,None,29.10,39.84,
9787549518371,201206,大数据,49.9,涂子沛,经济理论,广西师范大学出版社,17698,87234,32.10,33.30,44.90,32.90,None,None,66.30,35.40,34.93,
9787020073580,200908,王树增战争系列-解放战争(1945年8月-1948年9月)(上),60,王树增,散杂文,人民文学出版社,2373,87169,38.34,44.80,41.20,41.40,None,None,39.00,29.40,50.40,
9787530213988,201406,得未曾有,49,庆山,散杂文,北京十月文艺出版社,18832,87036,29.70,36.80,33.10,32.30,None,None,36.80,31.90,None,
9787801739643,201001,福尔摩斯探案大全集(超值白金版),29.8,柯南·道尔,小说,国际文化出版公司,2814,86966,17.60,19.90,19.90,None,None,None,19.40,None,None,
9787509000809,200606,青春必读书-左耳(终结版),22,饶雪漫,小说,当代世界出版社,225,86810,None,14.30,None,None,None,None,None,None,None,
9787549511525,201207,优雅,35,晓雪,散杂文,广西师范大学出版社,9048,86664,20.60,22.10,22.10,23.10,None,None,24.50,22.80,None,
9787801879912,200603,泡沫之夏(I)(软精装),20,明晓溪,小说,新世界出版社,225,86546,11.00,13.40,10.00,13.80,None,None,18.20,6.40,15.00,
9787500081692,200910,阿米巴经营,28,稻盛和夫,企业管理,中国大百科全书出版社,16869,86437,12.60,13.30,12.60,18.50,None,None,19.60,18.20,25.20,
9787535469045,201308,不省心,35,冯小刚,散杂文,长江文艺出版社有限公司,3141,86273,21.60,23.20,21.60,21.40,None,24.85,22.40,11.20,None,
9787535439918,200906,任凭这空虚沸腾,22.8,王小立,小说,长江文艺出版社有限公司,183,86253,17.10,15.70,15.70,None,None,None,None,7.30,17.78,
9787532148004,201303,繁花,48,金宇澄,小说,上海文艺出版社,11043,86225,26.60,35.20,26.60,None,None,None,26.60,None,None,
9787544716338,201102,麦田里的守望者,20,J.D.塞林格,小说,江苏译林出版社,9270,86218,11.80,14.50,13.90,13.60,None,None,13.00,14.60,16.40,
9787806154892,199807,花季雨季,16,郁秀,小说,海天出版社,2,86200,None,8.00,None,None,None,None,None,None,None,
9787544704120,200801,译林名著精选-麦田里的守望者(插图本),13,J.D.塞林格,小说,江苏译林出版社,14,86088,None,9.80,None,None,None,None,None,None,None,
9787800734762,200205,基业长青,39,吉姆·柯林斯,企业管理,中信出版股份有限公司,64,86068,39.00,None,None,None,None,None,None,25.40,None,
9787506035699,200909,郎咸平说-谁在拯救中国经济(复苏的背后和萧条的亮点),29,郎咸平,经济理论,人民东方出版传媒有限公司,279,85950,21.80,23.20,23.20,None,None,None,21.80,None,None,
9787802208889,201011,精编大众家常菜典2088(含光盘),29.8,范海,中餐,中国画报出版社,22314,85746,17.88,16.40,19.40,19.70,None,None,None,14.70,23.84,
9787539153728,201003,郑玉巧给宝宝看病,35,郑玉巧,孕产育儿,二十一世纪出版社,7314,85727,23.20,23.20,23.20,23.10,None,None,22.80,22.80,25.55,
9787547000830,200908,安意如作品-美人何处,27,安意如,散杂文,万卷出版有限责任公司,1354,85635,18.33,25.70,25.70,None,None,None,None,17.60,24.30,
9787549530816,201212,文学回忆录,98,"木心,陈丹青",文学理论及研究,广西师范大学出版社,15226,85449,40.00,60.00,60.00,64.70,None,None,60.00,63.70,None,
9787508617138,200910,从优秀到卓越(珍藏版),39,吉姆·柯林斯,企业管理,中信出版股份有限公司,8505,85259,26.90,26.90,26.90,26.50,None,None,27.30,25.40,28.08,
9787533937256,201305,活着活着就老了,39.8,冯唐,散杂文,浙江文艺出版社有限公司,18781,85142,23.90,25.10,23.90,26.30,None,26.30,23.90,25.90,None,
9787544716512,201103,简·爱(插图本),19.5,夏洛蒂·勃朗特,小说,江苏译林出版社,8969,84385,12.30,14.60,14.60,13.30,None,None,14.60,14.20,15.99,
9787020073733,200910,王树增战争系列-解放战争(1948年10月-1950年5月)(下),60,王树增,散杂文,人民文学出版社,2279,84201,38.34,44.80,41.60,41.40,None,None,39.00,29.40,50.40,
9787535436917,200812,澜本嫁衣,19.8,七堇年,小说,长江文艺出版社有限公司,805,84184,None,None,14.90,None,None,None,12.90,6.30,None,
9787508636436,201211,下一个倒下的会不会是华为,48,"田涛,吴春波",企业管理,中信出版股份有限公司,11503,84179,27.80,38.40,None,None,None,None,None,None,None,
9787020058631,200612,当代书丛-藏獒2,26,杨志军,小说,人民文学出版社,81,84153,22.40,21.50,20.50,None,None,None,None,12.70,21.84,
9787501175246,200606,关键在于落实,23,刘玉瑛,管理学与实务综合,新华出版社,1771,84081,17.30,17.30,17.30,None,None,None,None,11.30,None,
9787807298144,201007,侯卫东官场笔记(2),29.8,小桥老树,小说,江苏凤凰出版社,3288,83996,19.04,20.80,20.80,16.40,None,None,19.40,12.20,21.16,
9787301220160,201304,全国会计专业技术资格考试辅导用书.轻松过关1-2013年会计专业技术资格考试应试指导及全真模拟测试:初级会计实务,36,"张志凤,闫华红",经济与管理考试,北京大学出版社有限公司,4948,83922,None,23.90,None,None,None,None,None,None,None,
9787801739117,200908,金融的逻辑,39.8,陈志武,金融,国际文化出版公司,572,83921,None,31.30,23.90,None,None,None,None,None,29.05,
9787020083497,201101,古炉,53,贾平凹,小说,人民文学出版社,1997,83894,31.30,39.60,36.30,None,None,None,34.40,26.00,44.52,
9787020072163,200901,中国现代长篇小说藏本-围城,20,钱钟书,小说,人民文学出版社,4981,83755,10.00,13.80,13.80,None,None,None,None,13.00,18.00,
9787020056309,200606,阿加莎·克里斯蒂侦探推理系列-东方快车谋杀案,18,阿加莎·克里斯蒂,小说,人民文学出版社,392,83694,86.00,59.40,None,None,14.00,None,None,7.40,15.12,
9787509534557,201205,2012年度注册会计师全国统一考试辅导教材-会计,49,中国注册会计师协会,经济与管理考试,中国财政经济出版社,165,83414,None,46.60,None,None,None,None,None,15.70,None,
9787020095926,201301,带灯,38,贾平凹,小说,人民文学出版社,7350,83314,24.28,27.40,27.40,26.20,None,None,24.70,18.60,None,
9787543634565,200509,细节决定健康-细节369健康久久久,18,纪康宝,健康养生,青岛出版社,23,83287,16.70,13.20,None,None,None,None,13.30,5.80,14.40,
9787505880436,200912,全国会计从业资格考试辅导教材-会计基础,15,中国会计学会编写组,经济与管理考试,经济科学出版社,8482,83155,None,14.00,14.00,None,None,None,None,5.30,None,
9787514107739,201107,全国会计从业资格考试辅导教材-初级会计电算化(用友版),15,中国会计学会编写组,经济与管理考试,经济科学出版社,4197,83109,11.30,10.80,10.80,None,None,None,None,5.30,None,
9787511321152,201205,岁月静好现世安稳,28,白落梅,散杂文,中国华侨出版社,9149,83042,16.50,17.70,17.70,17.10,None,None,18.20,18.50,21.84,
9787807592945,200809,陌上花开,21.8,安意如,散杂文,万卷出版有限责任公司,2121,82798,14.20,16.40,16.40,None,None,None,14.20,None,None,
9787509002834,200712,沙漏(Ⅲ终结),25,饶雪漫,小说,当代世界出版社,239,82770,11.30,17.00,None,None,None,None,None,12.30,None,
9787502809157,199807,期货市场技术分析(期<现>货市场股票市场外汇市场利率<债券>市场之道),80,约翰·墨菲,金融,地震出版社,12508,82642,48.00,49.70,48.00,52.80,None,None,48.00,None,66.40,
9787532134656,201107,我的不完美,35,刘若英,文学其他,上海文艺出版社,1037,82627,23.10,28.00,28.00,None,None,None,24.50,None,29.40,
9787111394730,201208,时寒冰说:欧债真相警示中国,39.9,时寒冰,金融,机械工业出版社,1480,82583,27.30,29.30,27.30,26.30,None,None,25.90,12.80,27.93,
9787229005139,200904,藏地密码(6),29.8,何马,小说,重庆出版社,2513,82503,18.40,21.10,18.40,19.70,None,None,19.40,9.50,26.82,
9787538737110,201109,阿狸·梦之城堡(修订本),39.9,Hans,成人绘本漫画,时代文艺出版社,368,82316,29.93,15.00,None,None,None,None,None,25.90,35.91,
9787806739600,200702,士兵突击,32,兰晓龙,小说,花山文艺出版社,329,82178,None,23.40,None,None,None,None,None,None,25.60,
9787540457594,201209,尸语者:公安厅从未公开的法医禁忌档案,29.8,法医秦明,小说,湖南文艺出版社,12609,82012,20.30,20.50,20.50,19.10,None,None,20.60,20.30,None,
9787538564389,201205,超级冷漫画8-疯了!桂宝(奇乐卷),35.8,阿桂,成人绘本漫画,北方妇女儿童出版社,5105,81929,23.80,25.80,25.80,19.70,None,None,23.30,21.80,25.42,
9787501234233,200812,失传的营养学:远离疾病,32,王涛,健康养生,世界知识出版社,10983,81633,17.60,17.60,17.60,20.50,None,None,17.60,15.70,25.92,
9787020058600,200611,春,25,巴金,小说,人民文学出版社,466,81588,None,19.80,None,None,None,None,None,12.30,21.00,
9787533940645,201411,“一个”书系-在这复杂世界里,35,一个工作室,文学其他,浙江文艺出版社有限公司,53950,81498,21.00,23.90,21.00,23.10,None,None,21.00,22.80,None,
9787550600553,201012,侯卫东官场笔记(5),29.8,小桥老树,小说,江苏凤凰出版社,3147,81446,17.60,21.60,None,16.40,None,None,19.40,12.20,21.16,
9787532734191,200304,海边的卡夫卡,25,村上春树,小说,上海译文出版社,64,81431,None,21.00,None,None,None,None,None,None,22.50,
9787807298625,201008,侯卫东官场笔记(3),29.8,小桥老树,小说,江苏凤凰出版社,3131,81271,18.50,23.00,23.00,None,None,None,19.40,20.60,21.16,
9787802281431,200608,泡沫之夏(II)(软精装),22,明晓溪,小说,新世界出版社,224,81011,16.20,15.10,18.10,13.80,None,None,18.20,7.00,17.38,
9787549202614,201012,浮生物语,26.8,裟椤双树,小说,长江出版社,10840,80983,17.40,18.80,18.80,16.30,None,None,17.40,17.40,20.90,
9787506331746,200505,遥远的救世主,33,豆豆,小说,作家出版社,6795,80909,19.50,23.30,20.80,22.80,None,None,23.10,16.20,27.72,
9787229007874,200906,藏地密码(7),29.8,何马,小说,重庆出版社,2445,80899,17.60,14.90,23.00,19.70,None,None,19.40,9.50,23.84,
9787543653214,200904,新编家常菜谱(2),19.9,爱心家肴美食文化工作室,中餐,青岛出版社,41,80873,19.90,18.90,None,None,None,None,14.10,None,15.92,
9787535435446,200710,世界文学名著典藏-童年·在人间·我的大学(全译本),29,马克西姆·高尔基,小说,长江文艺出版社有限公司,10025,80800,17.40,20.30,20.30,None,None,None,17.10,None,22.04,
9787538555882,201109,超级冷漫画7-疯了!桂宝(欢腾卷),35.8,阿桂,成人绘本漫画,北方妇女儿童出版社,4951,80677,23.80,25.80,25.80,19.70,None,None,23.30,21.80,27.92,
9787505726444,200912,盗墓笔记(6)-阴山古楼,32.8,南派三叔,小说,中国友谊出版公司,656,80621,None,24.90,None,None,None,None,None,None,23.29,
9787509551264,201403,注册会计师全国统一考试辅导教材-经济法(2014),47,中国注册会计师协会,经济与管理考试,中国财政经济出版社,17056,80471,41.50,44.70,42.30,39.00,None,None,None,16.00,46.06,
9787506038867,201005,郎咸平说-新帝国主义在中国(2),32,郎咸平,经济理论,人民东方出版传媒有限公司,370,80408,25.00,24.00,24.00,22.10,None,None,22.40,15.70,27.52,
9787544225502,200308,长恨歌,22,王安忆,小说,南海出版公司,1448,80294,14.70,14.70,14.70,None,None,None,None,14.30,17.16,
9787502828769,200605,看盘细节:全新的股价走势分析方法,26,潘伟君,个人理财,地震出版社,18,80284,None,None,None,None,None,None,None,16.90,None,
9787806204474,200908,我兔斯基你(平装),29.3,王卯卯,成人绘本漫画,阳光出版社,28,80200,None,21.50,None,None,None,None,None,9.40,26.37,
9787536062221,201109,红高粱,15,莫言,小说,花城出版社,4528,79897,8.90,10.80,10.80,None,None,None,9.80,None,12.00,
9787530954195,200810,我与狗狗的十个约定,20,泽本嘉光,小说,天津教育出版社,138,79740,16.20,10.00,15.80,None,None,None,None,15.00,15.80,
9787544704649,200803,译林名著精选-老人与海,12,欧内斯特·海明威,小说,江苏译林出版社,581,79620,7.80,10.30,8.20,None,None,None,9.60,None,9.84,
9787506341035,200710,三重门(纪念版),19,韩寒,小说,作家出版社,4890,79583,11.20,13.50,12.70,None,None,None,12.70,9.30,15.96,
9787544717731,201108,"这些人,那些事",28,吴念真,散杂文,江苏译林出版社,6442,79330,16.80,17.70,16.80,19.00,None,None,16.80,20.40,22.96,
9787229022365,201006,藏地密码(8),29.8,何马,小说,重庆出版社,2750,79256,17.60,23.00,23.00,19.70,None,None,19.40,11.90,23.84,
9787532627721,201106,人生哲思录(修订版),35,周国平,散杂文,上海辞书出版社,7328,79166,25.90,27.60,27.60,None,None,None,None,32.80,29.75,
9787505429413,201111,原来,29.8,辛夷坞,小说,朝华出版社,2135,79154,None,27.60,20.60,None,None,None,None,12.20,23.84,
9787229027896,201009,藏地密码(9),29.8,何马,小说,重庆出版社,2799,79140,17.60,23.00,23.00,18.80,None,None,19.40,11.90,21.75,
9787501528677,200012,LOVE POST书系－爱尔兰咖啡,14.8,蔡智恒,小说,知识出版社,17,79094,None,None,None,None,None,None,None,5.20,None,
9787111258315,200812,中国怎么办:当次贷危机改变世界,38,时寒冰,金融,机械工业出版社,475,79077,28.50,28.50,28.50,None,None,None,26.60,18.60,17.10,
9787540465018,201402,恰到好处的幸福,32.8,毕淑敏,散杂文,湖南文艺出版社,30190,79069,19.00,19.00,19.00,21.00,None,None,19.00,21.30,None,
9787807299578,201010,侯卫东官场笔记(4),29.8,小桥老树,小说,江苏凤凰出版社,3141,79011,17.60,21.10,21.10,16.40,None,None,19.40,12.20,21.16,
9787115253699,201107,聪明的投资者(原本第4版),58,本杰明·格雷厄姆,个人理财,人民邮电出版社,22792,78988,31.90,31.90,31.90,40.60,None,None,31.90,37.70,43.50,
9787544268417,201310,村上春树作品-没有色彩的多崎作和他的巡礼之年,39.5,村上春树,小说,南海出版公司,7591,78845,23.30,29.60,28.30,26.10,None,None,27.60,19.40,None,
9787535467775,201307,心胜,36,金一南,散杂文,长江文艺出版社有限公司,7065,78787,23.90,23.90,23.90,22.00,None,None,23.90,16.20,None,
9787544247689,201006,当我谈跑步时我谈些什么,25,村上春树,散杂文,南海出版公司,17961,78723,16.30,17.20,17.20,16.50,None,None,17.20,17.80,19.50,
9787122011053,200712,时尚美食馆-经典家常菜500例,19.9,双福,中餐,化学工业出版社,10,78674,None,None,None,None,None,None,None,12.90,16.52,
9787544241090,200904,精选百姓家常菜1688(附VCD),19.9,深圳市金版文化发展有限公司,中餐,南海出版公司,21,78583,12.50,8.30,12.50,None,None,None,None,None,None,
9787535470652,201401,黄:陪安东尼度过漫长岁月(3),28.8,安东尼,散杂文,长江文艺出版社有限公司,8845,78187,17.60,19.10,17.60,17.60,18.10,None,20.20,14.10,None,
9787506032551,200809,郎咸平说-热点的背后,29,郎咸平,经济理论,人民东方出版传媒有限公司,267,77920,23.20,23.20,23.20,None,None,None,21.80,18.90,None,
9787535469038,201309,女不强大天不容,33,六六,散杂文,长江文艺出版社有限公司,9243,77838,20.40,21.90,20.40,20.10,None,None,21.40,16.20,None,
9787229047221,201112,冰与火之歌(卷1)-权力的游戏(上),26,乔治R.R.马丁,小说,重庆出版社,7182,77717,16.90,16.40,None,17.20,None,None,17.40,11.70,20.80,
9787532748006,200908,情人,25,玛格丽特·杜拉斯,小说,上海译文出版社,5878,77703,20.30,22.90,22.90,21.00,None,None,19.50,16.30,20.50,
9787510825699,201401,疯了!桂宝(11):神奇卷,39.8,阿桂,成人绘本漫画,九州出版社,10021,77619,25.60,26.70,25.60,21.90,None,None,25.90,24.30,None,
9787542625854,200706,股市操练大全实战指导(之一)技术分析.基本分析主要技巧运用实战强化训练专辑,35,黎航,个人理财,上海三联书店,5892,77600,25.90,30.30,25.90,23.50,None,None,24.50,25.20,29.40,
9787544711166,201006,经典译林-羊脂球,19.8,居伊·德·莫泊桑,小说,江苏译林出版社,9878,77576,12.50,14.50,14.50,13.50,None,None,12.90,14.50,16.24,
9787553722306,201311,冀连梅谈:中国人应该这样用药,38,冀连梅,健康养生,江苏凤凰科学技术出版社,9975,77486,22.40,25.60,24.90,None,None,None,24.70,23.90,None,
9787020035250,200109,沧浪之水,26,阎真,小说,人民文学出版社,63,77394,None,20.20,None,None,None,None,None,16.90,None,
9787301150900,200905,经济学原理:宏观经济学分册(第5版),42,格里高利·曼昆,经济理论,北京大学出版社有限公司,1440,77293,32.60,35.40,33.60,None,None,None,29.40,None,38.22,
9787563379071,200812,原来你非不快乐,23.8,林夕,散杂文,广西师范大学出版社,3197,77289,15.80,19.00,18.80,15.70,None,None,15.50,15.50,19.04,
9787540468736,201409,再美也美不过想象,35,耀一,小说,湖南文艺出版社,32458,77270,22.10,24.10,22.10,22.40,None,None,24.20,22.80,None,
9787533939489,201403,“一个”书系-想得美,35,韩寒,文学其他,浙江文艺出版社有限公司,11295,77201,21.90,26.30,21.90,17.50,None,23.10,22.80,19.60,None,
9787530457023,201204,我爱面包机！我的第一本面包机烘焙书,39,主妇之友社,西餐,北京科学技术出版社,11859,77177,23.00,25.40,25.40,26.10,None,None,25.40,28.10,33.15,
9787550602038,201103,侯卫东官场笔记(6),29.8,小桥老树,小说,江苏凤凰出版社,3162,77116,17.60,21.60,20.20,16.40,None,None,19.40,12.20,21.16,
9787530209042,200709,色·戒,25,张爱玲,小说,北京十月文艺出版社,116,77006,None,20.00,None,None,None,None,None,16.30,None,
9787301195765,201111,2012东奥初级会计实务轻松过关1应试指导及全真模拟测试,36,张志凤,经济与管理考试,北京大学出版社有限公司,8836,76884,None,24.80,None,None,None,None,None,None,None,
9787532742936,200707,且听风吟,13,村上春树,小说,上海译文出版社,502,76781,9.80,10.40,13.40,11.20,None,None,10.40,12.00,11.05,
9787506374484,201407,“一个”书系-不散的宴席,35,韩寒,文学其他,作家出版社,23243,76745,23.30,24.30,24.30,24.20,None,None,25.20,22.80,None,
9787551108720,201304,骄阳似我(上),25,顾漫,小说,花山文艺出版社,24653,76718,17.30,17.30,17.30,15.30,None,None,16.20,16.30,None,
9787506341608,200712,素年锦时(精),29,安妮宝贝,文学其他,作家出版社,18,76497,None,23.20,None,None,None,None,None,None,None,
9787540463755,201308,爱了就会活过来,35,蔡康永,小说,湖南文艺出版社,4416,76263,22.00,24.10,22.00,22.40,None,None,22.80,22.80,None,
9787508622859,201009,创业的国度:以色列的经济奇迹的启示,35,"丹·塞诺,索尔·辛格",经济理论,中信出版股份有限公司,3488,76262,26.00,26.30,26.30,23.10,None,None,24.50,22.80,25.20,
9787543647121,200804,孕产妇保健全书(最新修订版),29,纪向虹,孕产育儿,青岛出版社,4542,76219,14.90,18.90,18.90,None,None,None,17.70,9.50,23.20,
9787514132694,201304,全国会计专业技术资格考试教材-中级会计实务,45,财政部会计资格评价中心,经济与管理考试,经济科学出版社,3223,76198,38.30,42.80,40.50,None,None,None,40.50,14.40,None,
9787512204270,201307,薄荷日记,48,杨昌溢,散杂文,中国民族摄影艺术出版社,5792,76087,28.90,28.90,28.90,26.40,None,None,28.30,29.30,None,
9787806576380,200309,兄弟连,23.8,斯蒂芬·E.安布罗斯,小说,江苏译林出版社,1,76080,None,20.40,None,None,None,None,None,None,19.52,
9787538576948,201308,阿桂作品-疯了!桂宝(10)(畅享卷),36.8,阿桂,成人绘本漫画,北方妇女儿童出版社,8489,76073,24.10,26.50,26.50,25.40,None,None,23.90,11.80,None,
9787550604858,201106,侯卫东官场笔记(7),29.9,小桥老树,小说,江苏凤凰出版社,3267,76005,17.60,22.40,22.40,16.40,None,None,19.40,11.40,21.23,
9787544238212,200708,偷书贼,25,马克斯·苏萨克,小说,南海出版公司,95,75997,None,15.60,None,None,None,None,None,16.30,19.50,
9787301195772,201111,2012年会计专业技术资格考试应试指导及全真模拟测试·轻松过关一:经济法基础,36,郭守杰,经济与管理考试,北京大学出版社有限公司,1449,75941,27.01,24.80,None,None,None,None,None,12.20,None,
9787200058833,200503,向解放军学习:最有效率组织的管理之道,20,张建华,管理学与实务综合,北京出版社,4,75862,19.80,14.50,19.80,None,None,None,None,12.60,None,
9787807023760,200605,水是最好的药,28,F.巴特曼,健康养生,吉林文史出版社,3076,75788,16.80,16.80,16.80,None,None,None,None,18.20,19.32,
9787530211083,201107,温柔的夜,24,三毛,散杂文,北京十月文艺出版社,9673,75297,14.20,17.40,16.60,15.80,None,None,16.80,17.00,19.20,
9787539047911,201312,让孩子不发烧、不咳嗽、不积食,32,"罗大伦,罗玲",孕产育儿,江西科学技术出版社,20654,75241,18.20,19.60,19.60,19.50,None,None,20.80,17.60,None,
9787802283299,200704,泡沫之夏(III)(大结局),25,明晓溪,小说,新世界出版社,122,75166,17.80,13.40,18.40,16.00,None,None,16.60,12.30,18.46,
9787514130522,201304,2013年度注册会计师全国统一考试辅导教材-税法,46,中国注册会计师协会,经济与管理考试,经济科学出版社,2435,75084,40.94,43.70,41.40,None,None,None,None,15.60,41.40,
9787208041011,200204,爱上爱情,15,"曾炜,解嬿嬿",小说,上海人民出版社,45,74839,None,13.00,None,None,None,None,None,5.30,None,
9787020051717,200705,中国古代小说名著插图典藏系列-水浒传(共两册),51,施耐庵,中国古典文学,人民文学出版社,8494,74795,33.00,36.70,36.70,35.20,None,None,33.20,25.00,42.84,
9787508635088,201209,人生需要揭穿,35,丁丁张,散杂文,中信出版股份有限公司,4682,74612,22.37,28.00,24.70,23.80,None,None,24.50,22.80,None,
9787561339060,200708,天机(第一季)-沉睡之城,19.8,蔡骏,小说,陕西师范大学出版社,39,74594,None,None,None,None,None,None,None,9.70,15.44,
9787020058617,200611,秋,28,巴金,小说,人民文学出版社,585,74568,None,20.50,None,None,None,None,None,13.70,23.52,
9787111200505,200612,彼得·林奇的成功投资(修订版),38,"彼得·林奇,约翰·罗瑟查尔德",个人理财,机械工业出版社,762,74555,None,31.00,None,None,None,None,None,None,34.20,
9787535426628,200312,世界文学名著典藏-傲慢与偏见(全译本)(精),19,简·奥斯汀,小说,长江文艺出版社有限公司,815,74509,None,12.80,None,None,None,None,None,None,12.80,
9787530211144,201206,张爱玲全集04-半生缘(2012年修订版),29.6,张爱玲,小说,北京十月文艺出版社,12579,74479,17.60,19.70,19.70,19.50,None,None,20.70,19.20,None,
9787540458966,201301,那些回不去的年少时光(上下),54,桐华,小说,湖南文艺出版社,16261,74358,35.60,35.60,35.60,34.60,None,None,35.60,35.10,None,
9787805468426,199807,中国古典文学名著-三国演义,17,罗贯中,中国古典文学,三秦出版社,106,74334,13.20,13.20,13.20,None,None,None,None,None,None,
9787532125968,200401,余华作品系列-许三观卖血记,17,余华,小说,上海文艺出版社,470,74314,None,None,None,None,None,None,None,None,15.30,
9787208040359,200201,蛋白质女孩,14.8,王文华,小说,上海人民出版社,3,74236,None,12.70,None,None,None,None,None,7.40,12.14,
9787533935030,201211,三十六大,36,冯唐,散杂文,浙江文艺出版社有限公司,8329,74057,22.70,27.00,22.70,23.80,18.70,None,23.40,23.40,None,
9787208093904,201008,心术,28,六六,小说,上海人民出版社,191,73864,18.20,21.30,21.30,None,None,None,18.20,11.50,23.80,
9787508644653,201403,世界与你无关,36,丁丁张,散杂文,中信出版股份有限公司,11495,73757,23.20,25.50,25.10,24.50,None,None,25.20,16.20,None,
9787540461614,201305,徒步中国,38,雷克,散杂文,湖南文艺出版社,9227,73716,23.20,27.90,23.20,24.30,None,None,26.20,26.20,None,
9787506046817,201211,全食物调养秘笈-每天清除癌细胞,42,陈月卿,食疗,人民东方出版传媒有限公司,21008,73664,26.40,36.40,28.70,29.00,None,None,27.30,27.30,None,
9787535474452,201407,万万没想到:生活才是喜剧,36,"有时右逝,叫兽易小星",小说,长江文艺出版社有限公司,10002,73622,19.90,23.30,19.90,22.00,None,None,23.00,19.80,None,
9787550607323,201111,侯卫东官场笔记8,29.9,小桥老树,小说,江苏凤凰出版社,3416,73478,17.60,21.70,21.70,16.40,None,None,19.40,14.70,21.23,
9787544701334,200612,教父(纪念版),28,马里奥·普佐,小说,江苏译林出版社,35,73416,None,25.20,None,None,None,None,None,None,22.96,
9787511329134,201211,再不远行，就老了,38,王泓人,散杂文,中国华侨出版社,4576,73370,22.40,23.20,22.40,None,None,None,24.70,18.60,None,
9787530210116,201110,白鹿原,32,陈忠实,小说,北京十月文艺出版社,1933,73302,None,None,24.00,None,None,None,None,20.80,25.60,
9787543649231,200810,糖尿病怎么吃,29.8,向红丁,食疗,青岛出版社,552,73151,19.70,20.50,12.10,19.70,None,None,19.40,7.60,23.84,
9787545202267,200902,阿狸·梦之城堡,36.8,Hans,成人绘本漫画,上海锦绣文章出版社,115,73130,25.00,27.00,None,None,None,None,None,11.00,None,
9787508632971,201205,乡关何处:故乡·故人·故事,32,野夫,散杂文,中信出版股份有限公司,3896,73066,None,24.00,None,None,None,None,None,None,21.76,
9787214062703,201008,回家吃饭的智慧,29,陈允斌,食疗,江苏人民出版社,1948,72994,22.80,19.90,22.80,None,16.50,None,None,None,26.10,
9787508616803,200910,基业长青:企业永续经营的准则(珍藏版),42,吉姆·柯林斯,企业管理,中信出版股份有限公司,8111,72960,28.90,28.90,28.90,28.60,None,None,29.40,27.30,30.24,
9787301220139,201304,全国会计专业技术资格考试辅导用书.轻松过关1-2013年会计专业技术资格考试应试指导及全真模拟测试:经济法基础,38,郭守杰,经济与管理考试,北京大学出版社有限公司,2390,72869,None,27.20,22.80,None,None,None,None,24.70,None,
9787540449193,201105,省委班子(2),36.8,许开祯,小说,湖南文艺出版社,2073,72778,24.40,24.40,24.40,23.60,None,None,25.40,25.00,28.70,
9787540448905,201105,曾许诺·殇,29.8,桐华,小说,湖南文艺出版社,7288,72679,17.60,19.80,17.60,19.10,None,None,20.60,19.40,23.24,
9787509544204,201304,2013年度全国会计专业技术资格考试辅导教材-经济法,49,财政部会计资格评论中心,经济与管理考试,中国财政经济出版社,2309,72663,34.30,44.00,44.00,None,None,None,44.10,12.50,None,
9787511006240,201111,世界别为我担心,28,幾米,成人绘本漫画,海豚出版社,4965,72647,16.60,18.60,18.60,18.50,None,None,18.20,13.70,22.40,
9787511234261,201211,中国国家地理-再见故宫,39.8,安意如,散杂文,光明日报出版社,1036,29234,24.90,24.90,24.90,26.30,None,None,27.90,28.30,None,
9787544236966,200902,一分钟经理人(全新修订版)(精),20,"肯·布兰佳,斯宾塞·约翰逊",管理学与实务综合,南海出版公司,511,29230,None,16.00,None,None,None,None,None,None,None,
9787512900776,201104,低碳经济培训教程,20,中国社会科学院可持续发展研究中心,经济理论,中国人事出版社,4,29222,14.40,16.10,16.10,None,None,None,15.00,None,None,
9787806527245,200804,绝对成交:被忽视的销售细节(配光盘),38,杜云生,销售/营销,南方日报出版社,1589,29195,28.50,28.50,28.50,None,None,None,26.60,None,None,
9787111302520,201004,华章经典·金融投资-战胜华尔街(珍藏版),48,彼得·林奇,个人理财,机械工业出版社,7901,29124,31.70,31.70,31.70,32.60,28.80,None,33.60,None,19.00,
9787530211335,201108,安妮宝贝十年典藏07-莲花,26,安妮宝贝,小说,北京十月文艺出版社,1971,29119,20.80,22.30,26.00,None,None,None,None,16.90,20.80,
9787543463974,200705,林清玄经典散文-玄想,15,林清玄,散杂文,河北教育出版社,2128,29110,10.20,10.80,10.80,None,None,None,12.00,None,None,
9787500647508,200205,世界顶级管理者的成功秘诀-首先，打破一切常规,23.8,"马库斯·白金汉,柯特·科夫曼",管理学与实务综合,中国青年出版社,37,29076,29.30,22.80,29.30,None,None,None,31.20,None,33.60,
9787507529937,201004,中华成语故事大全集(珍藏本)(超值白金版),29.8,巴城,中国古典文学,华文出版社,1403,29072,20.60,20.60,20.60,None,None,None,20.60,36.30,23.24,
9787301203132,201205,2012东奥注册会计师考试应试指导及全真模拟测试-会计,52,东奥,经济与管理考试,北京大学出版社有限公司,1585,29067,None,35.40,None,None,None,None,None,33.80,None,
9787502827434,200510,价量实战技术精要,48,一舟,个人理财,地震出版社,78,29055,35.50,None,35.50,None,None,None,None,None,None,
9787511347473,201408,"咦,被发现了呢",39.8,大象ROV,成人绘本漫画,中国华侨出版社,8752,29048,23.50,25.80,25.80,21.90,None,26.27,25.90,24.30,None,
9787545204452,200908,超级冷漫画(3)-疯了!桂宝(冰爽卷),32.8,阿桂,成人绘本漫画,上海锦绣文章出版社,955,29042,None,24.10,None,None,None,None,None,16.10,29.52,
9787508040080,200610,中国古典文学名著丛书-水浒全传,20,施耐庵,中国古典文学,华夏出版社,95,29039,15.60,19.00,19.10,13.80,None,None,None,14.80,16.80,
9787555100218,201311,安德的游戏,29.8,"奥森,斯科特,卡德",小说,广西科学技术出版社,8291,29036,17.50,17.50,17.50,None,None,None,17.50,None,None,
9787535438164,200810,荣宝斋,36,都梁,小说,长江文艺出版社有限公司,36,29006,29.00,29.00,36.00,None,None,None,24.10,11.50,None,
9787539956534,201212,战国纵横:鬼谷子的局(5),29.9,寒川子,小说,江苏凤凰文艺出版社,3204,28991,18.40,23.10,23.10,None,None,None,19.10,11.40,None,
9787514155372,201503,2015年度注册会计师全国统一考试辅导教材-公司战略与风险管理,40,中国注册会计师协会　,经济与管理考试,经济科学出版社,28983,28983,28.00,36.10,30.00,33.20,None,None,36.00,None,None,
9787101049947,200601,唐诗三百首(新注本),12,蘅塘退士,中国古典文学,中华书局,962,28982,12.00,11.10,11.10,None,None,None,None,7.80,10.20,
9787020040896,200301,名著名译插图本-欧·亨利短篇小说选,15,欧·亨利,小说,人民文学出版社,4,28967,None,None,None,None,None,None, 12.00
,None,None,
9787539129891,200612,青春校园励志小说-麻雀要革命(3),25,郭妮,小说,二十一世纪出版社,11,28951,22.00,17.20,None,None,None,None,None,None,19.75,
9787564067526,201209,滚蛋吧!肿瘤君-我与癌症斗争的一年里,29.8,熊顿,成人绘本漫画,北京理工大学出版社,1073,28940,14.90,17.60,17.60,None,None,None,17.60,19.40,None,
9787020057757,200607,暗算(新版),18,麦家,小说,人民文学出版社,28,28933,None,None,None,None,None,None,None,None,15.12,
9787501961511,200710,粥膳养生堂1000例,29.9,养生堂膳食营养课题组,食疗,中国轻工业出版社,31,28930,22.40,20.60,17.90,None,None,None,21.20,12.20,23.92,
9787020058273,200610,阿加莎·克里斯蒂侦探推理系列-空谷幽魂,23,阿加莎·克里斯蒂,小说,人民文学出版社,328,28914,None,None,18.40,None,None,None,None,9.40,19.32,
9787503945502,201008,羽·赤炎之曈,29.8,沧月,小说,文化艺术出版社,89,28896,22.40,6.90,None,None,None,None,None,19.40,21.16,
9787540211974,199903,世界文学文库-钢铁是怎样炼成的,15,尼古拉·奥斯特洛夫斯基,小说,北京燕山出版社,17,28860,None,9.00,None,None,None,None,9.40,None,None,
9787807362098,200705,国学大书院-三国演义,19.8,罗贯中,中国古典文学,三秦出版社,25,28853,14.26,43.20,15.30,None,None,None,None,9.70,None,
9787535421036,200101,乾隆皇帝(全六册),144,二月河,小说,长江文艺出版社有限公司,15,28845,None,None,None,None,None,None,None,50.40,115.20,
9787539969497,201312,交手,38,何常在,小说,江苏凤凰文艺出版社,5035,28824,22.80,25.50,24.40,23.20,None,25.08,25.10,25.10,None,
9787802203839,200905,红楼梦(足本),32.8,"曹雪芹,高鹗",中国古典文学,中国画报出版社,4458,28808,18.50,13.60,18.50,None,None,None,18.40,21.30,26.24,
9787101064124,200901,中华十大畅销古典小说-儒林外史,16,吴敬梓,中国古典文学,中华书局,3024,28807,12.00,13.00,13.00,None,None,None,11.20,10.40,12.80,
9787111354116,201112,华章经典·金融投资-日本蜡烛图技术新解,38,史蒂夫·尼森,个人理财,机械工业出版社,13170,28804,25.50,26.80,26.80,25.80,None,None,26.60,27.70,26.60,
9787111218944,200708,战胜华尔街,48,彼得·林奇,个人理财,机械工业出版社,38,28801,None,42.30,None,None,None,None,None,None,21.60,
9787802255869,200902,我的团长我的团(下部),35,兰晓龙,小说,新星出版社有限责任公司,355,28795,22.80,16.20,None,None,None,None,None,10.50,None,
9787540457228,201208,辛波斯卡诗选-万物静默如谜,26,维斯拉瓦·辛波斯卡,戏剧/诗歌,湖南文艺出版社,4181,28793,12.00,19.10,19.10,17.20,None,None,18.20,18.50,None,
9787540457907,201210,原来你也在这里,28,罗宾德拉纳特·泰戈尔,戏剧/诗歌,湖南文艺出版社,4339,28775,17.10,19.30,17.10,17.90,None,None,19.30,13.70,None,
9787535466211,201309,17,35,落落,小说,长江文艺出版社有限公司,3090,28743,21.60,23.20,21.60,21.40,None,None,22.80,22.10,None,
9787543643505,200712,美食图书系列-营养汤煲777,27.7,王作生,中餐,青岛出版社,5,28726,19.10,19.80,17.30,None,None,None,19.70,8.90,24.93,
9787535457820,201208,下一站·台北,29.8,郭敬明,文学其他,长江文艺出版社有限公司,940,28694,21.90,21.90,21.90,None,None,None,20.90,22.40,None,
9787535641069,201110,小墨香书-茶道,10,本书编写组,饮食文化,湖南美术出版社,2770,28675,6.50,6.90,None,5.50,None,None,None,6.10,7.10,
9787122170606,201308,范志红吃对你的家常菜,33,范志红,食疗,化学工业出版社,5431,28674,20.60,22.70,20.60,23.80,None,None,20.60,20.50,None,
9787561323298,200201,病隙碎笔:史铁生人生笔记(第3版),25,史铁生,散杂文,陕西师范大学出版社,130,28671,None,20.80,None,None,None,None,None,None,13.26,
9787549563494,201501,月光落在左手上:余秀华诗集,29,余秀华,戏剧/诗歌,广西师范大学出版社,28669,28669,20.50,20.50,20.50,19.10,None,None,18.80,20.60,None,
9787807025023,200701,水这样喝可以治病,28,F.巴特曼,食疗,吉林文史出版社,1582,28662,16.80,16.80,16.80,None,None,None,19.90,18.20,19.32,
9787806574669,200301,译林世界文学名著-地心游记,11.6,儒勒·凡尔纳,小说,江苏译林出版社,4,28629,None,8.70,None,None,None,None,None,None,None,
9787532746002,200807,遇到百分之百的女孩,15,村上春树,小说,上海译文出版社,797,28611,13.80,14.30,14.60,None,None,15.80,14.60,13.00,12.75,
9787535898173,201404,斗罗大陆(第二部)-绝世唐门(17),26,唐家三少,小说,湖南少年儿童出版社,8083,28596,15.30,19.90,19.90,17.20,None,None,17.90,16.10,None,
9787513303279,201107,爸爸爱喜禾,18,蔡春猪,散杂文,新星出版社有限责任公司,1204,28562,10.60,13.50,13.30,None,None,None,11.70,11.70,14.40,
9787507528572,200912,自己是最好的医生大全集(超值白金版),29.8,"李中,宿春礼,姚冬脂",健康养生,华文出版社,321,28556,21.50,19.40,21.50,227.90,None,None,21.20,18.50,23.24,
9787564202774,200808,道破股价涨跌之玄机-短线点金(之三),26,徐文明,个人理财,上海财经大学出版社,561,28555,18.70,19.10,None,None,None,None,None,None,None,
9787509508664,200809,会计从业资格考试辅导教材(财经版)-财经法规与会计职业道德(第3版),18,本书编写组,经济与管理考试,中国财政经济出版社,481,28551,15.80,17.10,None,None,None,None,14.40,11.70,None,
9787500683421,200810,呼兰河传,22,萧红,小说,中国青年出版社,296,28547,15.30,19.20,16.70,None,None,None,16.90,16.90,None,
9787540466978,201406,第十一根手指,32.8,秦明,小说,湖南文艺出版社,8400,28546,20.34,22.60,20.30,21.00,None,None,22.60,22.30,None,
9787532146413,201210,诺贝尔文学奖获得者莫言作品系列-师傅越来越幽默,39,莫言,小说,上海文艺出版社,1105,28544,29.30,29.30,29.30,26.90,None,None,28.10,16.00,None,
9787509008492,201209,席慕蓉经典作品,22.8,席慕蓉,文学其他,当代世界出版社,3364,28540,16.00,17.50,17.10,None,None,None,14.80,None,None,
9787533930837,201012,名家散文典藏-张晓风散文,26,张晓风,散杂文,浙江文艺出版社有限公司,1524,28516,17.70,19.50,19.50,None,None,None,16.90,None,20.80,
9787544263931,201303,恶时辰,29.5,加西亚·马尔克斯,小说,南海出版公司,2789,28497,17.40,22.10,22.10,19.50,None,None,20.60,20.90,None,
9787506358026,201105,饥饿游戏3-嘲笑鸟,29,苏珊·柯林斯,小说,作家出版社,3997,28492,18.00,21.80,21.80,20.00,None,None,20.60,14.20,24.36,
9787540468835,201409,我终究是爱你的,32,张小娴,小说,湖南文艺出版社,11986,28482,18.90,21.70,21.70,20.50,None,None,20.80,20.80,None,
9787503915864,199807,王小波杂文自选集-我的精神家园(纪念版),22,王小波,散杂文,文化艺术出版社,15,28480,None,None,None,None,None,None,None, 10.90
,None,
9787020058198,200610,阿加莎·克里斯蒂侦探推理系列-云中命案,18,阿加莎·克里斯蒂,小说,人民文学出版社,343,28476,None,None,14.40,None,None,None,None,7.40,15.12,
9787540451240,201110,男人帮,39,唐浚,小说,湖南文艺出版社,158,28476,25.20,26.80,25.20,None,None,None,24.20,11.20,31.20,
9787535442222,200912,收纳空白,36,年年,小说,长江文艺出版社有限公司,108,28468,26.40,26.40,26.40,None,None,None,25.20,11.50,30.60,
9787200053975,200406,泰戈尔诗集,25,泰戈尔,戏剧/诗歌,北京出版社,26,28467,None,18.10,None,None,None,None,None,None,None,
9787542630018,200903,国富论(上下册),59,亚当·斯密,经济理论,上海三联书店,839,28462,28.90,28.90,28.90,39.50,None,None,None,38.40,49.56,
9787535449436,201103,幸福了吗?(口袋本)(附光盘),20,白岩松,散杂文,长江文艺出版社有限公司,115,28450,None,18.50,None,None,None,None,None,6.40,15.60,
9787533934804,201210,全世爱IV:幸福最光亮处,25,苏小懒,小说,浙江文艺出版社有限公司,964,28439,8.70,7.60,4.80,13.80,None,None,18.80,12.30,None,
9787531333173,200803,岛(第十期)-银千特,20,郭敬明,小说,春风文艺出版社,40,28435,6.70,6.70,None,None,None,None,14.40,9.80,None,
9787532934560,201103,我爱故我在,30,陶晶莹,散杂文,山东文艺出版社,180,28434,17.70,20.60,22.50,18.30,None,None,18.00,9.60,23.40,
9787543678538,201201,巧厨娘诱惑川菜,19.8,美食生活工作室,中餐,青岛出版社,1277,28413,12.70,14.10,14.10,13.10,None,None,14.80,14.10,15.84,
9787506471459,201101,从零开始学西餐,25.8,文怡,西餐,中国纺织出版社,2305,28389,15.20,17.70,None,17.30,None,None,18.30,8.30,20.12,
9787544714495,201101,我是猫,26,夏目漱石,小说,江苏译林出版社,5506,28378,16.40,18.80,18.00,17.70,None,None,16.90,19.00,21.32,
9787510417054,201103,星光璀璨,28,匪我思存,小说,新世界出版社,161,28370,17.40,18.70,18.70,15.40,None,None,17.10,17.10,19.88,
9787508635736,201404,格拉德威尔经典系列-引爆点:如何引发流行,36,马尔科姆·格拉德威尔,销售/营销,中信出版股份有限公司,14344,28368,26.80,26.80,26.80,24.50,None,None,25.20,26.30,None,
9787301108055,200608,经济学原理:宏观经济学分册(第4版),44,N.格里高利·曼昆,经济理论,北京大学出版社有限公司,6,28357,None,41.10,None,None,None,None,None,28.60,None,
9787532604166,199807,古文鉴赏辞典(上册),40,"陈振鹏,章培恒",中国古典文学,上海辞书出版社,457,28349,32.00,31.50,38.80,None,None,None,None,None,27.20,
9787511704276,201009,名家名译-简·爱,18,夏洛蒂·勃朗特,小说,中央编译出版社,7738,28347,8.80,8.80,8.80,None,None,None,None,8.10,None,
9787229051006,201206,冰与火之歌7卷三-冰雨的风暴(上),35,乔治·R.R.马丁,小说,重庆出版社,4053,28329,22.10,22.10,28.00,23.10,None,None,23.40,24.90,None,
9787111260226,200901,六小龄童品西游(上)(第2版),29,六小龄童,文学理论及研究,机械工业出版社,38,28307,20.30,22.10,26.80,None,None,None,None,18.90,13.05,
9787543678514,201201,巧厨娘花样主食,19.8,蝶儿,中餐,青岛出版社,1588,28304,12.90,13.60,12.90,13.10,None,None,14.80,12.90,15.84,
9787807363286,200802,中华国学百部-中华典故故事,6,王辉,中国古典文学,三秦出版社,511,28302,4.50,4.50,4.50,None,None,None,4.80,13.10,None,
9787544238885,200804,德川家康(第六部)-双雄罢兵,26,山冈庄八,小说,南海出版公司,17,28299,None,19.50,None,None,None,None,None,None,20.80,
9787535435309,200708,我是你儿子,23,孙睿,小说,长江文艺出版社有限公司,11,28272,None,16.90,None,None,None,None,None,6.60,None,
9787020072088,200901,中国现代长篇小说藏本-子夜,24,茅盾,小说,人民文学出版社,2710,28240,14.20,17.90,17.90,None,None,None,15.60,11.80,20.16,
9787506366731,201210,檀香刑,38,莫言,小说,作家出版社,2123,28237,25.20,28.50,25.20,26.20,None,None,27.40,18.60,None,
9787512615557,201409,从零开始学炒股-股票投资入门与实战技巧,35,王坤,个人理财,团结出版社,26957,28229,21.00,21.00,21.00,None,None,None,21.00,22.80,26.60,
9787544705974,200807,译林名著精选-呼啸山庄(插图本),16,艾米莉·勃朗特,小说,江苏译林出版社,113,28222,12.00,15.20,None,None,None,None,None,None,None,
9787111397007,201209,会计极速入职晋级,35,出纳训练营,财务会计,机械工业出版社,6317,28198,21.40,25.70,23.70,None,None,None,24.50,22.80,24.50,
9787506033008,200809,产业链阴谋1-一场没有硝烟的战争,39,郎咸平,经济理论,人民东方出版传媒有限公司,189,28188,28.86,31.20,33.00,None,None,None,28.90,12.50,None,
9787544242820,200812,当我谈跑步时我谈些什么,25,村上春树,散杂文,南海出版公司,50,28178,None,18.30,None,None,None,None,None,None,None,
9787504563040,200704,国家职业资格考试指南-企业人力资源管理师(3)(3级),20,本书编写组,经济与管理考试,中国劳动社会保障出版社,1995,28171,14.00,18.10,14.00,None,None,None,14.00,17.60,None,
9787201087245,201407,老师好美,39,严歌苓,小说,天津人民出版社,6492,28167,25.80,29.30,25.80,25.70,None,None,28.10,25.40,None,
9787511306326,201010,每天学点经济学大全集(超值白金版),29.8,"春之霖,黄晓林,赵伟",经济理论,中国华侨出版社,671,28152,21.50,21.50,21.50,19.10,None,None,20.90,20.30,26.82,
9787549225422,201404,龙与少年游:江南随笔精选,29.8,江南,散杂文,长江出版社,4743,28140,20.50,20.50,None,None,None,None,19.40,14.60,None,
9787020071326,200807,名著名译插图本-海底两万里(精华版),21,儒勒·凡尔纳,小说,人民文学出版社,1606,28133,13.20,15.90,15.90,11.60,None,None,15.80,10.30,14.91,
9787543673373,201108,食物搭配宜忌与食用指导,29.8,王作生,食疗,青岛出版社,368,28128,15.80,15.80,21.50,None,None,None,21.20,None,23.84,
9787500551003,200106,全国会计人员继续教育系列教材(之四)-企业会计制度讲解,35,财政部会计司,财务会计,中国财政经济出版社,3,28123,None,30.30,None,None,None,None,None,None,None,
9787538268140,200403,幾米作品精选集09-又寂寞又美好,45,幾米,成人绘本漫画,辽宁教育出版社,58,28121,20.00,None,None,None,None,None,None,29.30,40.50,
9787508615820,200908,引爆点:如何制造流行,27,格拉德威尔,销售/营销,中信出版股份有限公司,67,28115,None,20.30,None,None,None,None,None,17.60,None,
9787020071227,200808,名著名译插图本-堂吉诃德(上下)(精华版),43,塞万提斯,小说,人民文学出版社,2222,28111,28.10,29.60,29.60,23.70,None,None,None,26.20,30.53,
9787508640990,201308,中国新趋势,32,韩秀云,经济理论,中信出版股份有限公司,1602,28093,21.80,24.00,24.00,21.80,None,None,22.70,23.40,22.40,
9787222071865,201101,相见何如不见时,28,吴俣阳,散杂文,云南人民出版社,1563,28060,16.52,19.30,19.30,None,None,None,None,18.20,21.84,
9787020070589,200808,名著名译插图本-鲁滨孙飘流记(精华版),15,丹尼尔·笛福,小说,人民文学出版社,1524,28058,9.80,11.60,11.60,8.30,None,None,9.80,7.40,10.65,
9787501988129,201301,坐月子吃什么每日一页,29.8,李宁,孕产育儿,中国轻工业出版社,4855,28047,19.30,20.50,19.30,None,17.30,None,20.60,9.50,None,
9787535472618,201407,小时代3.0-刺金时代(修订本),35.8,郭敬明,小说,长江文艺出版社有限公司,7996,28031,23.27,23.70,23.70,21.80,None,None,25.10,23.30,None,
9787121201868,201305,项目管理知识体系指南(PMBOK指南)(第5版),128,项目管理协会,管理学与实务综合,电子工业出版社,5999,28029,80.50,82.70,82.70,89.60,None,None,89.60,83.20,96.00,
9787534154935,201307,"hello,早餐",39.8,子瑜妈妈,中餐,浙江科学技术出版社有限公司,7360,28021,19.90,24.30,19.90,None,None,None,19.90,None,None,
9787020065929,200809,金瓶梅词话(全两册),90,兰陵笑笑生,中国古典文学,人民文学出版社,113,28020,None,72.00,None,None,None,None,None,None,75.60,
9787511306388,201009,有一种幸福叫感恩(超值白金版)(最全集),19.8,林清玄,散杂文,中国华侨出版社,1541,28018,12.40,12.40,12.40,None,None,None,None,12.90,15.84,
9787508609034,200706,富人的28个理财习惯,29,朴容锡,个人理财,中信出版股份有限公司,20,27986,23.93,22.90,None,None,None,None,None,None,None,
9787511304476,201008,人一生要读的古典诗词大全集,29.8,《人一生要读的古典诗词大全集》编委会,中国古典文学,中国华侨出版社,937,27964,19.90,19.90,19.90,19.10,None,None,20.30,20.30,23.24,
9787540764630,200103,妖孽只在夜里哭,25,夏七夕,小说,漓江出版社,3094,27957,17.25,None,15.50,None,None,None,None,None,None,
9787020048045,200411,茅盾文学奖获奖作品全集-平凡的世界(全三部),65,路遥,小说,人民文学出版社,60,27956,None,None,51.40,None,None,None,None,None,None,
9787506368513,201303,饥饿游戏全三册,85,苏珊柯林斯,小说,作家出版社,4472,27934,51.00,58.40,51.00,58.70,None,None,56.20,12.80,None,
9787200067491,200702,家庭书架-林语堂散文经典全集,19.9,林语堂,散杂文,北京出版社,2,27931,None,14.40,None,None,None,None,None,None,15.92,
9787542631466,200912,一九八四(全译本),29.8,乔治·奥威尔,小说,上海三联书店,2395,27927,15.70,15.70,14.90,None,None,None,None,19.40,26.82,
9787511009586,201208,幾米袖珍本2004-2006(附精美袖珍笔记本),68,幾米,成人绘本漫画,海豚出版社,3805,27907,40.50,45.10,44.00,44.90,None,None,44.20,33.30,None,
9787511334183,201305,阿狸.永远站,35.8,Hans,成人绘本漫画,中国华侨出版社,4043,27901,21.10,23.60,23.10,19.70,None,None,23.30,21.80,None,
9787544717984,201109,译林名著精选-羊脂球(软精)(新),19,莫泊桑,小说,江苏译林出版社,3515,27871,12.50,14.30,14.30,12.90,None,None,14.20,13.90,15.58,
9787561522837,200412,会计从业资格考试丛书-财经法规与会计职业道德(第2版),24,许秀敏,经济与管理考试,厦门大学出版社,1573,27867,19.20,20.30,18.00,None,None,None,None,None,None,
9787542734754,200606,快乐生活-滋补养生汤.粥1001例,29.9,《快乐生活1001》编委会,食疗,上海科学普及出版社,130,27849,16.70,20.60,16.70,None,None,None,None,11.40,None,
9787111216360,200706,职业化团队:基业长青的源动力,36,余世维,管理学与实务综合,机械工业出版社,8,27843,None,27.90,None,None,None,None,None,16.20,72.00,
9787501981397,201106,养生堂《本草纲目》食物养生速查全书,39.8,陈伟,食疗,中国轻工业出版社,886,27833,26.40,26.40,26.40,26.30,None,None,28.30,12.70,31.84,
9787539038223,201007,人气绘本天后(10)-一个人旅行(2),25,高木直子,成人绘本漫画,江西科学技术出版社,471,27827,None,21.10,None,None,None,None,None,16.30,19.50,
9787550214835,201305,惊奇物语,32.8,南派三叔,小说,北京联合出版有限责任公司,2193,27825,21.80,22.50,21.80,18.00,None,None,21.00,20.00,None,
9787544714457,201012,经典译林-汤姆叔叔的小屋,28,斯陀夫人,小说,江苏译林出版社,5135,27818,18.00,20.20,None,19.00,None,None,18.20,20.40,22.96,
9787535450395,201106,世界文学名著典藏-海底两万里,23,儒勒·凡尔纳,小说,长江文艺出版社有限公司,5671,27794,12.90,14.40,14.40,15.20,None,None,17.20,16.30,20.70,
9787511308733,201101,古希腊神话故事大全集(超值白金版),29.8,古斯塔夫·施瓦布,小说,中国华侨出版社,2311,27787,17.60,18.60,18.60,None,None,None,17.60,20.60,25.33,
9787544248679,201008,伊豆的舞女,28,川端康成,小说,南海出版公司,258,27760,None,None,25.90,None,None,None,None,18.20,22.40,
9787543683914,201205,知青(上部),39,梁晓声,小说,青岛出版社,578,27758,28.60,28.60,None,None,None,None,25.40,None,None,
9787501225644,200506,镜·双城,20,沧月,小说,世界知识出版社,16,27738,None,15.00,None,None,None,None,None,6.40,None,
9787547003947,200911,奋斗2.0-奋斗乌托邦,29,石康,小说,万卷出版有限责任公司,90,27721,11.60,11.00,17.40,None,None,None,18.00,10.70,23.20,
9787201082134,201308,瓦尔登湖,39.8,亨利·戴维·梭罗,散杂文,天津人民出版社,9731,27664,26.40,28.10,28.10,26.30,None,None,None,25.90,None,
9787020049332,200009,茅盾文学奖获奖作品全集-芙蓉镇,13,古华,小说,人民文学出版社,157,27657,8.00,10.30,None,None,None,None,None,5.70,10.92,
9787542938183,201303,历年真题+全真模拟预测试卷,36,全国银行系统招聘考试编写组,经济与管理考试,立信会计出版社,2704,27657,None,21.60,None,None,None,None,None,None,None,
9787539044996,201203,你的2岁孩子,25,"路易斯·埃姆斯,弗兰西斯·伊尔克",孕产育儿,江西科学技术出版社,6475,27654,15.00,15.00,15.00,None,None,None,16.20,16.30,19.50,
9787508634609,201210,货币,59,央视《货币》纪录片主创团队,金融,中信出版股份有限公司,540,27653,42.10,44.30,44.30,40.10,None,None,42.40,38.40,50.15,
9787530210000,200906,三毛全集-流星雨,28,三毛,散杂文,北京十月文艺出版社,72,27648,None,22.40,None,None,None,None,None,None,25.20,
9787511323149,201206,绿皮火车,32.8,周云蓬,散杂文,中国华侨出版社,827,27647,19.70,22.50,21.80,None,None,None,21.30,None,None,
9787545400502,200901,中国证券职业操盘实训教材-操盘学(上),66,伍朝辉,金融,广东经济出版社,487,27625,42.90,47.70,44.70,None,None,None,47.50,48.00,None,
9787532740536,200608,东京奇谭集,13,村上春树,小说,上海译文出版社,78,27598,12.10,10.40,13.40,None,None,None,11.90,None,10.66,
9787302119791,200510,圈子圈套,26,王强,小说,清华大学出版社有限公司,62,27596,None,13.00,None,None,None,None,None,16.90,None,
9787563920518,200903,销售与口才知识全集(修订版超值金版),29,盛乐,销售/营销,北京工业大学出版社,12299,27593,17.40,17.40,17.40,19.70,None,None,None,9.90,None,
9787229050986,201206,冰与火之歌9卷三-冰雨的风暴(下),35,乔治·R.R.马丁,小说,重庆出版社,4031,27585,22.10,22.10,28.00,23.10,None,None,23.40,15.80,None,
9787805462981,200802,中华国学百部-千家诗,6,谢枋得,中国古典文学,三秦出版社,687,27583,5.40,4.60,5.40,None,None,None,None,None,None,
9787111290193,200911,李践教你28天绩效能力倍增(随书附赠《绩效能力日志》一本),29.8,李践,管理学与实务综合,机械工业出版社,706,27577,21.50,21.90,21.50,None,None,None,22.10,None,None,
9787300080154,200706,乔·吉拉德巅峰销售丛书-怎样销售你自己,30,乔·吉拉德,销售/营销,中国人民大学出版社,106,27574,None,24.00,None,None,None,None,None,None,None,
9787806794173,200402,爱不厌诈,14.8,刘墉,散杂文,接力出版社,6,27572,None,11.50,None,None,None,None,None,None,None,
9787535422170,200108,世界文学名著典藏-双城记(全译本)(精),21,查尔斯·狄更斯,小说,长江文艺出版社有限公司,325,27541,None,None,None,None,None,None,None,None,15.30,
9787213051142,201211,信贷工厂:破解中小企业融资难题,36,陈石,金融,浙江人民出版社有限公司,42,27539,24.80,24.80,24.80,None,None,None,None,None,None,
9787530209257,200805,长夜里的拥抱,20,张小娴,小说,北京十月文艺出版社,44,27528,15.00,15.00,16.00,None,None,None,None,6.40,18.00,
9787534156700,201308,7天瘦肚子的神奇蔬果汁,32,藤井香江,食疗,浙江科学技术出版社有限公司,3943,27510,18.90,19.90,19.90,19.50,None,None,20.80,20.80,None,
